icd10,b_mcr,se_mcr,b_total,se_total
A047,2190.3132,42.404842,2457.2119,43.983189
A0471,538.18604,105.16599,679.60754,109.08037
A0472,1944.116,44.964409,2152.8655,46.638027
A084,-785.91449,71.889938,-702.66052,74.56575
A09,-556.03394,85.424515,-494.27158,88.604095
A408,3090.3928,247.40944,3151.8418,256.61826
A4101,2118.2573,72.59742,2107.9954,75.299561
A4102,2275.7898,72.302628,2468.646,74.993805
A411,2477.1978,113.57174,2670.8176,117.79898
A4150,-111.32746,73.619064,-101.27394,76.359238
A4151,945.40747,45.039707,954.61542,46.716129
A4152,1724.73,98.29068,1827.5435,101.94915
A4159,1751.416,72.228447,1841.8989,74.916855
A4181,3788.9214,86.790535,4085.8706,90.020958
A4189,1080.9116,49.498463,1153.7584,51.340843
A419,764.49225,15.499301,751.04999,16.0762
A4902,321.1412,142.62195,469.26776,147.93047
B029,972.90479,74.369469,1050.8575,77.137573
B181,4095.5913,258.75687,4194.4136,268.38803
B182,1250.9236,50.443405,1289.9293,52.320957
B1910,2399.6201,132.30746,2487.7703,137.23207
B1920,1185.678,46.186577,1206.79,47.905685
B20,6634.3359,66.832153,6823.5508,69.31971
B351,3018.0632,61.791248,3222.1045,64.091179
B370,2849.6692,45.762863,2915.8345,47.466202
B372,949.25024,77.125038,939.02502,79.995705
B3749,5310.9512,72.313538,5740.1294,75.005119
B377,9057.7139,150.43037,10021.466,156.02954
B3781,1105.9449,90.092255,1115.1672,93.445572
B3789,6807.4956,111.57121,7214.8501,115.724
B379,409.19162,73.169739,429.60345,75.893188
B49,5873.0195,129.73233,6450.2017,134.5611
B952,1546.5326,42.572346,1521.3965,44.156929
B954,2646.2417,89.378883,2585.8613,92.70565
B9561,2348.6968,54.693077,2378.9224,56.728806
B9562,1498.5378,43.145439,1684.6965,44.751354
B957,2802.0706,81.63546,2820.5735,84.674011
B961,903.46277,39.107582,911.49231,40.563206
B9620,928.62268,25.055758,899.97949,25.988356
B964,941.81543,53.040127,954.33319,55.014332
B965,2152.2278,46.47522,2251.3086,48.20507
B9689,1683.4895,40.563164,1697.2943,42.072964
B9789,947.1745,130.99001,975.82953,135.86559
C182,3458.7312,98.631302,3590.1431,102.30245
C189,1124.8671,51.892715,1176.822,53.824211
C20,2098.3374,84.0065,2215.5667,87.133301
C220,2166.9678,93.783295,2201.6858,97.274002
C250,2480.7512,110.0248,2517.0737,114.12002
C259,-218.96107,72.759361,-283.81116,75.467537
C3411,664.07666,71.968224,727.22473,74.64695
C3412,507.65326,80.320618,563.21246,83.310226
C3431,636.54132,94.707138,695.39734,98.232224
C3490,-590.89307,40.0163,-651.88867,41.505745
C3491,-177.89156,75.305832,-204.78061,78.108788
C3492,-186.5468,168.33104,-212.81778,174.59647
C50911,402.75317,166.91638,438.29538,173.12917
C50912,390.95224,82.665413,420.62833,85.742294
C50919,-63.394905,57.092537,-42.442856,59.217575
C541,883.85681,100.99947,932.0155,104.75876
C569,177.49551,90.334129,209.44054,93.696449
C61,590.65564,37.210331,672.82953,38.595333
C679,865.46234,55.559307,849.20508,57.627277
C771,2482.0139,109.41146,2566.5469,113.48386
C772,3903.1846,99.616585,4003.9309,103.32441
C779,1544.6844,213.62715,1591.7847,221.57857
C7800,-116.54534,60.791706,-154.3423,63.054428
C7801,544.49231,103.3998,585.66815,107.24844
C7802,665.94165,110.12852,663.88275,114.22762
C786,2177.6758,73.716797,2242.0747,76.460609
C787,-698.22949,45.359089,-695.05151,47.047394
C7931,279.94867,60.868942,277.23676,63.134544
C7951,668.45325,42.250084,696.05768,43.822674
C7989,3537.5637,73.341003,3645.9482,76.070831
C799,237.7337,89.853516,206.27246,93.197945
C801,1149.3182,100.75277,1183.3083,104.50288
C8330,3926.4253,116.43697,3916.0452,120.77087
C8590,1039.5994,69.188301,1063.4965,71.763557
C9000,1219.925,57.003475,1230.6066,59.125198
C9110,684.08398,62.872894,719.37927,65.213081
C9200,8720.9268,92.955696,8881.0029,96.415596
D122,748.33496,156.37503,794.49634,162.19547
D320,3744.8367,98.243675,3920.2161,101.9004
D469,64.306664,59.969734,46.100838,62.201862
D472,556.2218,73.973679,547.52692,76.727051
D473,1582.3661,61.139263,1588.7052,63.414925
D500,854.06995,30.823074,883.08203,31.970339
D508,-9.4771891,75.883629,79.586632,78.708092
D509,160.33429,19.699661,174.74622,20.432901
D519,-756.52637,72.788795,-721.77936,75.498062
D539,81.807907,41.524078,50.070488,43.069645
D61810,7011.4419,71.288971,7089.624,73.942413
D61818,1162.7831,36.553272,1222.3428,37.913822
D62,6692.7534,17.377439,6856.7896,18.024244
D630,1221.8301,58.89352,1181.4375,61.08559
D631,170.11913,22.861643,177.00635,23.712576
D638,578.18591,22.595747,595.38995,23.436783
D6481,-1399.3904,79.479774,-1484.8525,82.438087
D6489,605.2287,61.509182,655.80591,63.798615
D649,732.50787,11.408676,763.10767,11.833318
D65,9441.4336,106.65471,9665.9463,110.6245
D6832,961.78137,80.021477,961.91138,82.999954
D684,6263.9331,100.77314,6340.8125,104.52401
D6851,1038.1129,94.782944,1116.0785,98.31086
D6859,1594.5925,82.975838,1650.0397,86.064278
D6869,731.33405,138.47752,758.90045,143.63179
D689,5138.0547,46.492531,5234.7915,48.223026
D693,2024.5645,84.380959,2077.4348,87.521698
D6959,1530.2408,46.257648,1564.1482,47.979401
D696,1208.7162,19.580191,1254.3962,20.308985
D701,-1079.6097,109.97301,-1116.3065,114.06631
D709,1048.7117,65.85891,1066.046,68.310242
D72819,-31.754934,61.525696,12.302081,63.815739
D72828,1168.3136,100.01031,1193.9005,103.73279
D72829,1074.6956,19.451828,1120.9805,20.175842
D751,-20.824469,88.146667,63.151222,91.427574
D7582,7356.2847,192.51152,7569.4927,199.67699
D7589,-272.18039,85.430603,-240.506,88.610413
D801,3674.1321,138.51575,3822.0095,143.67143
D869,623.98364,88.649948,662.62054,91.949585
E038,658.31274,63.262447,707.79443,65.617134
E039,257.32767,10.576522,335.73245,10.97019
E041,909.79059,66.75135,931.48041,69.235893
E042,585.99146,78.91198,602.12805,81.849159
E0590,713.51984,60.927578,751.00769,63.195362
E063,1769.0388,205.28583,1875.12,212.92676
E079,398.80481,62.203091,442.83405,64.518349
E1010,-119.65769,89.564667,-88.770195,92.898354
E1022,346.66705,82.293716,360.37277,85.356766
E10319,1202.7432,126.68204,1235.4071,131.39726
E1040,508.26898,147.72418,520.48285,153.22261
E1042,564.4447,224.08257,482.83783,232.42313
E1043,302.04239,138.31212,236.10393,143.46022
E10649,1190.5692,133.73248,1272.9207,138.71013
E1065,740.76862,77.59359,789.73413,80.481697
E109,783.04742,79.125282,897.58472,82.070404
E1110,500.96973,91.798874,532.37885,95.215714
E1121,609.89044,35.512791,642.62891,36.83461
E1122,-29.00396,18.104517,-11.140199,18.778383
E11319,782.67761,48.900902,784.0686,50.721043
E1136,2036.7001,220.32045,2070.7693,228.52098
E1140,63.13966,23.179947,70.194641,24.042727
E1142,196.12611,26.948511,162.18251,27.951561
E1143,69.511292,66.627617,57.955532,69.107559
E1151,504.45834,28.80755,494.3949,29.879795
E1152,4246.4297,65.763802,4378.4951,68.211594
E1159,472.11618,91.250435,523.04449,94.646866
E11610,1349.183,120.44093,1337.0514,124.92385
E11621,674.63336,45.0107,722.30096,46.686039
E11622,592.47174,76.807823,611.03192,79.666687
E11628,79.303841,81.0439,38.70853,84.060432
E11649,562.67181,33.270695,537.74091,34.509064
E1165,914.03308,17.283659,938.77002,17.926973
E1169,1015.1701,46.005291,1037.3007,47.717651
E118,610.06445,41.906673,705.83002,43.46648
E119,678.55554,11.283099,759.47516,11.703067
E1310,263.4285,93.989731,258.65439,97.488113
E162,-728.12366,47.738388,-744.25421,49.515255
E213,656.16412,63.885883,675.95673,66.263779
E222,1996.2784,51.010834,2035.4845,52.909504
E2740,2287.1045,62.750713,2467.0046,65.086357
E43,4888.4844,25.923906,5151.2632,26.888819
E440,1731.8832,30.493633,1852.3313,31.628635
E441,1472.9301,53.476173,1566.8176,55.466606
E46,3082.5037,26.700609,3252.6838,27.694431
E538,50.409264,37.638027,40.692802,39.038952
E559,284.97812,23.013292,317.26794,23.869869
E569,-1894.6479,58.402237,-1909.444,60.576023
E611,-169.53441,107.22038,-184.95374,111.21123
E6601,-179.28267,25.00355,-80.127235,25.934206
E6609,250.83221,99.960716,322.12723,103.68135
E662,544.17474,52.165604,664.5401,54.107258
E663,809.89185,63.627464,948.7262,65.995743
E669,57.955189,21.08069,139.71049,21.865334
E7220,656.617,91.5047,779.23242,94.910591
E780,615.66516,34.868206,656.20087,36.166035
E7800,546.95508,17.400126,597.93671,18.047775
E781,417.0318,71.178459,495.9451,73.827789
E782,-211.15268,27.466711,-162.63718,28.489048
E784,-127.12404,53.489414,-89.401672,55.480343
E7849,-20.798336,92.135689,26.806835,95.565071
E785,441.32413,8.939127,516.42267,9.2718506
E806,973.40137,82.992775,1019.7728,86.081848
E8339,1907.2328,29.219494,1932.8201,30.307072
E8341,-461.93024,105.06406,-450.68408,108.97464
E8342,-49.526943,20.426617,-74.016296,21.186916
E8351,689.48206,35.800434,667.97473,37.132961
E8352,709.33075,44.643631,776.12244,46.305309
E854,989.6438,248.12854,1027.7845,257.36411
E860,-992.22223,14.844753,-1042.2209,15.397289
E861,513.21539,36.417862,468.34528,37.773369
E869,-1187.9149,45.303116,-1219.8334,46.989342
E870,4130.0879,24.768438,4233.0264,25.690344
E871,1230.8633,14.115724,1287.3986,14.641125
E872,565.00159,17.305384,563.99805,17.949507
E873,5143.2695,43.589943,5274.8071,45.212402
E874,6037.5356,56.250694,6175.2798,58.344398
E875,388.59766,18.526608,383.54959,19.216185
E876,-39.685417,13.223639,-32.895363,13.715835
E8770,1813.8744,31.167124,1801.1747,32.327194
E8779,972.87384,133.87939,952.3678,138.86252
E878,520.20007,45.034969,509.31976,46.711212
E8809,224.29283,40.170727,197.43077,41.665916
E883,16909.17,356.22073,17270.238,369.47961
E8881,736.0777,101.01814,824.22137,104.77814
E890,442.53021,50.819538,471.87411,52.71109
F0150,-184.47623,40.97916,-170.16182,42.504444
F0151,1606.871,58.287457,1794.0005,60.45697
F0280,34.755333,30.596468,-5.6830478,31.735296
F0281,1580.7881,41.591038,1701.2117,43.139095
F0390,172.41185,14.520556,232.50108,15.061026
F0391,923.18408,34.138935,1047.0211,35.409618
F05,3072.7866,31.88545,3103.3518,33.072258
F09,1846.2563,120.69332,1907.8934,125.18564
F1010,642.84033,34.586285,666.7951,35.873619
F1011,1035.7697,124.26688,1010.9999,128.89221
F1020,720.14221,40.78529,729.15259,42.30336
F1021,727.78778,62.722008,741.51514,65.05658
F10231,1102.6332,88.212631,1052.6659,91.495987
F10239,719.33167,53.315269,689.39532,55.299717
F1099,1567.2407,173.35222,1676.3761,179.80457
F1110,881.73541,93.119568,911.44916,96.585564
F1120,906.15881,40.834187,940.25751,42.354076
F1123,961.6427,96.802132,986.57202,100.4052
F1210,1006.4431,64.768608,1063.3109,67.179359
F1290,988.14734,57.332073,1010.6161,59.46603
F1410,519.83258,74.251587,506.40063,77.015305
F1510,1225.7134,86.427086,1218.3179,89.643982
F17200,1294.6563,27.626495,1355.3287,28.654779
F17210,1275.2289,15.971283,1364.7213,16.565748
F17220,500.86069,87.548233,551.73877,90.806862
F17290,996.89001,67.461472,1089.3845,69.97245
F1910,383.62704,83.352432,417.39307,86.454887
F200,3051.8687,49.184776,3381.5437,51.01548
F209,1941.8502,34.899841,2188.1487,36.198849
F22,1330.1523,69.352699,1443.7566,71.934074
F250,2982.312,45.588211,3366.8933,47.285046
F259,1610.2769,44.679699,1778.1908,46.34272
F29,1166.9872,40.029942,1341.3597,41.519894
F319,488.51175,26.660746,527.78522,27.653084
F328,114.0974,93.490608,320.83051,96.970421
F3289,-501.00104,55.702576,-439.27548,57.775879
F329,332.43619,12.092847,340.54605,12.542954
F330,-625.23621,67.97477,-562.96191,70.50486
F331,163.81117,49.255859,207.37299,51.089211
F332,1340.2705,43.526093,1396.9718,45.146175
F333,2202.7114,67.119446,2335.3413,69.617699
F338,-1312.4293,57.9589,-1278.5013,60.116184
F339,-699.88165,25.454248,-634.31738,26.40168
F341,415.09753,97.624725,424.03275,101.25842
F39,497.10605,51.975719,539.48206,53.910305
F40240,146.74057,107.96867,151.85109,111.98736
F410,487.63782,58.250053,501.3223,60.418175
F411,-176.75163,28.509727,-145.17529,29.570887
F418,1030.4333,34.020767,1041.6129,35.287052
F419,243.59459,12.56236,274.59317,13.029943
F429,1212.8992,105.27312,1372.8601,109.19149
F4310,601.77283,41.301895,633.42285,42.839191
F4320,3373.0037,90.160477,3446.4263,93.516342
F4321,1850.8145,61.808178,1896.9227,64.108734
F4322,3768.0901,102.92763,3831.9758,106.75869
F4323,3269.3982,68.942474,3374.812,71.508575
F603,393.31717,81.06411,486.58917,84.08139
F70,1054.7623,191.02553,1266.6554,198.13568
F79,891.71704,58.879971,1010.5143,61.071537
F909,954.3606,79.702515,1044.3647,82.669113
G061,8820.3115,129.90428,9249.9375,134.73944
G20,1221.5026,25.205704,1379.0553,26.143885
G250,453.379,55.097389,484.82092,57.148167
G253,653.05841,98.740105,654.75067,102.41531
G2581,-277.9299,28.619884,-291.81656,29.685143
G301,283.59103,59.449509,309.86035,61.662277
G309,351.53091,31.782804,438.57211,32.96579
G3183,795.935,79.989677,855.9823,82.966965
G3184,967.95343,42.958351,995.85345,44.557301
G319,-642.02405,103.73699,-731.09967,107.59818
G35,994.22736,47.913898,1131.6887,49.6973
G40409,768.27515,86.30925,798.43011,89.521759
G4089,182.59583,45.395988,310.15918,47.08567
G40901,2886.1646,85.547035,2997.5186,88.731178
G40909,441.55072,22.420008,461.85007,23.254501
G43909,544.6825,37.734932,595.59985,39.139462
G459,-1228.0844,30.507519,-1257.0573,31.643038
G4700,696.57874,19.634893,723.94043,20.365723
G4730,28.388987,28.03912,29.827417,29.082764
G4733,185.27707,15.477728,198.7549,16.053823
G500,1002.3806,91.206512,1067.865,94.601303
G510,1264.1605,87.774223,1293.8506,91.04126
G609,-312.41116,67.392784,-310.82684,69.901207
G620,1635.2189,233.68889,1695.4346,242.38701
G6281,11959.842,204.34969,13193.191,211.95576
G629,306.89609,22.043789,312.76968,22.864281
G7000,1118.2408,87.462341,1203.0482,90.717773
G7281,8032.4419,71.776314,8446.8965,74.447899
G7289,7688.917,89.709702,7494.7783,93.048782
G809,1267.3546,74.273499,1443.1583,77.038025
G8191,3604.2109,50.35857,3651.3313,52.232964
G8194,3498.5652,48.17857,3559.8159,49.971825
G8220,2765.6436,56.741528,2964.6514,58.853504
G8250,4390.9946,71.828278,4507.0083,74.501793
G8911,2594.832,70.367615,2710.5037,72.986763
G8918,5386.1299,22.943047,5615.4414,23.797009
G8929,-159.60641,17.068279,-157.31358,17.703577
G893,1722.9918,56.847008,1695.115,58.962906
G894,-583.02405,27.558052,-571.62756,28.583788
G9009,-770.85718,74.590614,-677.90857,77.366943
G911,11383.049,152.02998,11660.829,157.68869
G912,1111.9977,82.881126,1144.1895,85.966042
G919,5823.5176,86.861122,6029.5527,90.09417
G92,1999.0369,30.136505,2026.9539,31.258215
G931,1663.3855,62.940098,1983.04,65.282791
G9340,944.69366,20.343744,978.83258,21.100958
G9341,613.42456,19.822004,604.99213,20.559799
G9349,1835.5354,47.350296,1911.7965,49.11272
G935,8705.1621,85.73159,8906.8721,88.922607
G936,7813.9023,56.96088,7986.3154,59.08102
G9389,1884.4547,41.017311,1933.0256,42.544014
G960,9595.9658,253.34059,9807.9873,262.77017
G9741,9693.9824,323.7879,10007.793,335.8396
H04123,334.1239,182.90726,372.65771,189.71524
H109,1606.0094,96.072601,1727.4294,99.648514
H269,453.39368,55.040771,456.72705,57.089439
H3530,-172.00163,35.6633,-163.50359,36.990719
H409,451.14307,23.643877,484.68503,24.523926
H532,2026.479,86.857483,2061.9658,90.090401
H538,977.78931,80.66201,1020.6506,83.66433
H540,444.11279,109.93697,482.1763,114.02893
H5441,319.19473,121.87083,332.30643,126.40698
H5442,433.88989,120.66367,446.53522,125.15488
H5461,771.92975,132.31403,786.57391,137.23889
H5462,556.83582,131.38449,574.38702,136.27475
H547,300.34314,65.859917,290.50436,68.311287
H548,301.69205,55.095375,339.47119,57.146076
H8110,-37.323883,96.006058,3.472609,99.579491
H905,369.04123,90.764496,372.05872,94.142838
H9190,51.820606,28.397898,33.562714,29.454893
H9193,751.24121,60.750828,767.09601,63.012032
I071,-7.6893234,45.37693,5.9186964,47.065903
I080,916.99591,47.554668,938.72125,49.324696
I081,156.0564,39.724724,171.13684,41.203316
I083,-3.1360843,45.626591,11.573586,47.324856
I10,1875.392,8.7354898,2151.8635,9.0606327
I110,1221.5977,18.07826,1304.5436,18.75115
I119,1153.425,38.508987,1314.1483,39.942329
I120,4395.2163,34.731575,4539.1299,36.024319
I129,1210.0494,19.926828,1247.7313,20.668524
I130,1379.2203,23.878338,1362.9446,24.767111
I1310,808.13104,67.036316,851.30566,69.531471
I1311,2717.0188,103.36938,2867.9966,107.21688
I132,3353.2854,39.422989,3500.697,40.89035
I160,-566.47076,34.847652,-538.83118,36.144714
I161,212.27771,52.606358,229.09822,54.564415
I209,-105.76897,50.851311,-81.201187,52.744045
I2109,4501.2642,83.315765,4640.8315,86.416862
I2119,3849.7097,74.784233,4006.4233,77.567772
I213,2141.5479,51.186646,2207.5176,53.091862
I214,1905.6165,21.284405,1957.1062,22.07663
I21A1,818.41711,48.528011,798.17017,50.33427
I248,-29.177715,34.563946,-43.5881,35.850449
I249,1406.922,60.01918,1480.2878,62.253151
I2510,239.23674,10.931732,280.63812,11.338621
I25110,4962.7676,36.03941,5151.5239,37.380833
I25118,2813.7397,55.851601,2904.4951,57.93045
I25119,2084.6519,37.358685,2169.5889,38.74921
I252,10.213055,16.935652,-23.278101,17.566013
I255,717.74384,25.666235,720.74585,26.621557
I25810,1185.6693,50.43576,1226.5636,52.313026
I2582,3934.9407,65.24752,4038.877,67.676102
I2584,5156.812,99.072662,5283.708,102.76024
I259,132.66531,51.499859,176.88547,53.416733
I2699,1577.3264,31.885281,1625.0687,33.072083
I270,462.44043,90.713615,530.82385,94.090065
I272,719.43536,28.157833,707.25446,29.205894
I2720,597.02692,26.642723,619.02289,27.63439
I2721,1215.3237,119.47217,1276.6501,123.91904
I2722,2119.7852,116.21963,2151.3794,120.54543
I2723,2245.8018,154.76639,2303.5808,160.52695
I2729,426.42084,99.814362,456.14505,103.52955
I2781,-781.60095,72.746254,-791.55853,75.453934
I2782,1448.6899,98.291656,1519.4633,101.95016
I313,1848.8942,45.597721,1904.6541,47.29491
I314,11214.254,135.00287,11431.848,140.0278
I330,4684.3916,78.571487,4965.2417,81.495995
I340,843.21155,21.237036,879.01306,22.027498
I341,1630.2817,63.056488,1734.8271,65.403511
I350,1497.5533,22.918238,1514.8188,23.771276
I351,1322.7466,39.92968,1373.0239,41.415901
I352,3310.9194,78.894905,3387.7317,81.831444
I358,2736.4048,60.998177,2821.2551,63.268589
I361,454.51773,38.340664,491.97852,39.767742
I38,794.22266,66.497597,867.69812,68.972702
I420,1872.5697,43.297043,1930.5319,44.9086
I421,2607.0627,165.68254,2676.6279,171.84941
I422,1641.2126,137.36861,1722.9685,142.4816
I428,2601.7439,51.307549,2664.0339,53.217262
I429,482.45059,23.907835,521.5025,24.797707
I43,1056.6267,231.05154,1133.1835,239.6515
I440,985.94348,35.626526,1001.8325,36.952579
I441,2072.272,62.355793,2134.3474,64.676735
I442,5593.3018,49.63398,5693.8252,51.481403
I447,785.77582,34.238579,805.32007,35.51297
I4510,481.16302,32.809875,507.55573,34.03109
I452,1256.3666,69.11985,1290.9424,71.692558
I4581,1502.3945,48.626556,1509.4944,50.436481
I462,2910.8438,115.71415,2922.9709,120.02113
I468,2285.6536,117.00423,2274.7061,121.35925
I469,-826.38562,42.586517,-881.49695,44.171627
I471,1957.0867,30.164373,2036.038,31.287119
I472,3023.2759,30.124802,3109.2273,31.246075
I480,-244.44676,13.914156,-230.04033,14.432055
I481,752.07587,32.915516,773.45325,34.140663
I4819,132.50296,118.35401,150.7321,122.75926
I482,-188.62756,17.606487,-167.6826,18.261818
I4820,102.147,70.411697,130.72897,73.032486
I4821,-827.90076,153.78458,-828.9986,159.50859
I483,1420.7584,91.476578,1482.4132,94.881424
I4891,296.43829,11.729585,342.35327,12.166171
I4892,1642.5685,28.04875,1703.7528,29.092751
I4901,4671.9873,75.572014,4678.4648,78.384872
I491,1157.8004,50.543049,1155.8513,52.424309
I493,816.10962,37.234344,846.65442,38.620243
I495,2020.2557,33.220146,2039.5018,34.456635
I498,1404.0925,95.576225,1412.7532,99.133667
I499,1721.1417,30.183741,1762.0387,31.307209
I501,1681.9688,90.620331,1734.7432,93.993309
I5020,1085.939,37.615181,1134.0338,39.015255
I5021,1538.8964,34.953339,1601.861,36.254333
I5022,568.50861,24.37738,579.24316,25.284731
I5023,1343.578,24.463638,1329.6906,25.374199
I5030,701.45435,30.417904,719.60162,31.550087
I5031,711.24719,33.247959,743.35083,34.485481
I5032,12.59201,20.028233,-2.8992019,20.773703
I5033,687.36621,21.217779,670.8042,22.007524
I5040,96.036301,59.012867,173.63983,61.209381
I5041,864.00543,65.146873,923.60022,67.571709
I5042,-123.17768,38.030228,-136.39195,39.445751
I5043,1220.3103,30.648184,1211.9464,31.788939
I50810,2095.1157,135.26723,2194.311,140.302
I5082,2642.0537,128.44781,2714.1687,133.22876
I5084,7924.0137,139.45515,8090.0933,144.64581
I509,118.52779,13.331067,167.25079,13.827262
I513,2151.2229,98.873199,2200.6411,102.55335
I517,601.26062,21.455856,604.07709,22.254463
I5181,570.92877,95.815437,602.84296,99.381775
I519,511.81296,108.62587,511.64941,112.66903
I609,4896.8096,74.175186,4973.6787,76.93605
I611,1557.3197,120.72548,1560.4741,125.219
I615,4878.2949,102.98763,4922.8711,106.82093
I619,1797.4648,58.341888,1855.8226,60.513432
I6200,2536.1401,64.431824,2576.9011,66.83004
I6203,4578.5181,109.6832,4586.27,113.76571
I629,1387.9928,122.38184,1424.1957,126.93702
I6340,2204.8223,77.227364,2240.1143,80.101845
I63411,2460.6858,91.453972,2522.0984,94.857971
I63412,2248.6267,83.156075,2282.6777,86.251228
I63511,2316.1663,81.095634,2288.2898,84.11409
I63512,1988.1692,76.692101,1908.4373,79.546654
I638,1105.0697,54.071041,1116.5781,56.083618
I6381,1257.9442,148.54272,1252.1008,154.07162
I6389,1447.0239,87.325493,1460.2925,90.575829
I639,501.758,22.014494,555.67621,22.833893
I6521,1363.7654,48.007381,1472.5964,49.794262
I6522,1397.3993,48.748413,1502.0261,50.562874
I6523,637.9118,28.917854,644.91479,29.994204
I6529,-144.46437,46.606995,-146.44838,48.341751
I671,5553.4023,75.892654,5693.7646,78.717453
I672,981.42761,74.521545,966.06799,77.295303
I6789,294.3161,84.03727,314.54874,87.165215
I679,-199.46872,60.867725,-121.59849,63.133278
I6930,-13.176749,103.66114,103.74121,107.51951
I6931,2508.0483,141.3654,2568.9082,146.62717
I69311,1375.8048,222.8385,1407.6107,231.13275
I69318,4250.8438,132.76056,4201.1943,137.70204
I69319,4194.8394,117.91061,4095.3479,122.29935
I69320,459.189,47.17696,525.93781,48.93293
I69322,2639.6475,63.248367,2649.8601,65.602531
I69328,563.37598,115.30897,602.53351,119.60088
I69351,1834.0604,36.584637,1889.7181,37.946354
I69354,1776.2697,33.595631,1833.3029,34.846092
I69359,1038.7965,174.53352,1091.8939,181.02983
I69391,1641.6653,50.157349,1674.6842,52.024254
I69392,3569.7747,80.401352,3455.9744,83.393967
I69393,3814.1147,109.76643,3740.2151,113.85204
I69398,1865.6538,51.671532,1836.5802,53.594795
I6990,-561.41565,149.22665,-386.83536,154.78102
I69920,-62.248894,179.84882,10.702006,186.54297
I69951,1024.8898,98.102417,1185.6062,101.75388
I69954,1063.8727,83.359215,1241.9565,86.461922
I69991,276.09937,180.6131,428.46268,187.33568
I700,1974.3263,43.995144,1990.6263,45.632687
I701,492.5759,74.624817,471.02814,77.402428
I70201,3648.667,190.29019,3732.3655,197.37297
I70261,3651.8638,102.29736,3684.6123,106.10497
I70262,3844.9507,101.2524,3863.6191,105.0211
I708,3044.2488,115.73247,3122.8235,120.04014
I7092,6671.1792,119.16596,6867.9219,123.60143
I7101,11416.442,136.95023,11648.724,142.04765
I712,2434.5789,55.672173,2512.7583,57.744343
I714,2362.1946,35.192425,2405.5696,36.502319
I723,6504.5786,118.18925,6663.0386,122.58837
I724,2798.3762,105.8411,2853.02,109.78061
I7300,1039.9432,80.847816,1075.9452,83.857048
I739,-171.52209,17.366076,-129.45192,18.012457
I743,5133.4912,75.549217,5298.105,78.361229
I771,2702.7173,76.7117,2756.3916,79.566978
I77810,1044.6641,183.50452,1109.1624,190.33473
I808,2049.7017,108.19698,2068.1741,112.22418
I81,4688.9009,109.0649,4737.6514,113.1244
I82401,751.55927,78.535934,821.79553,81.459122
I82402,666.74548,76.00444,737.02246,78.833397
I82409,707.29553,54.105312,831.03668,56.119164
I82411,2926.4536,77.675514,2994.3762,80.566673
I82412,2242.1689,76.148186,2310.2258,78.982491
I82431,1076.9825,95.197678,1068.9867,98.741028
I82432,1431.4398,91.509529,1437.0074,94.915604
I824Z2,2815.3457,222.09656,2829.4612,230.3632
I82611,3406.1191,102.53422,3500.2861,106.35064
I82612,3928.5154,125.26923,4054.1545,129.93187
I82621,4518.1064,98.303116,4866.4053,101.96204
I82622,3874.6267,108.34354,4155.4194,112.37619
I82C11,11065.688,142.26909,11676.627,147.56447
I8500,-422.25485,90.994209,-449.24976,94.381104
I8510,1275.4213,99.999832,1262.3314,103.72192
I871,4580.9766,99.761421,4713.0532,103.47463
I872,-77.217712,32.876717,-43.451954,34.100418
I878,228.06439,49.731091,188.89095,51.58213
I890,-159.49483,43.933117,-100.1346,45.568348
I951,771.37799,31.894924,777.19073,33.082085
I952,550.435,66.32045,538.9342,68.788963
I953,1588.3715,101.36604,1767.0161,105.13898
I9581,5927.6011,68.777443,6082.2578,71.337402
I9589,546.17645,50.978046,588.36896,52.8755
I959,719.55853,17.890959,736.4505,18.556877
I96,3555.2744,53.364777,3738.27,55.351067
I97190,13604.319,262.00919,13866.196,271.76141
I97618,10889.618,254.3609,11086.358,263.82846
I9789,10458.552,101.07946,10663.823,104.84173
I998,3060.603,68.827927,3094.0127,71.389763
J029,1487.8384,101.52997,1590.5552,105.30901
J069,180.85699,49.913315,295.80505,51.771133
J1000,1235.3818,118.02337,1334.5535,122.41631
J1008,1315.153,203.06461,1304.5867,210.62286
J101,-44.07827,56.73534,10.093782,58.847084
J111,289.23254,91.145752,323.07889,94.538284
J13,1693.7893,91.087898,1744.3929,94.478271
J150,10933.581,108.00237,11595.519,112.02232
J151,8831.7578,75.016525,9646.6641,77.808716
J15211,9214.958,111.54504,9416.7627,115.69685
J15212,5883.3862,76.93676,6246.0527,79.800423
J155,10015.91,151.56934,10455.782,157.21089
J156,3978.4714,57.648296,4146.6133,59.794022
J158,3455.8843,112.38663,3605.625,116.56976
J159,437.85413,39.613052,480.75906,41.08749
J181,77.779549,29.616653,96.843231,30.719013
J188,131.39819,59.157368,186.20395,61.359261
J189,537.37921,13.417533,579.76453,13.916945
J209,-640.34314,33.147575,-561.32037,34.381359
J302,-77.285889,55.803059,-63.113911,57.8801
J309,-344.34283,39.959934,-346.44504,41.447281
J329,583.59729,63.437855,653.61896,65.799072
J398,4064.7578,131.12476,4208.5166,136.00534
J40,188.42201,47.296352,256.07281,49.056767
J42,421.31467,83.703384,462.34601,86.818901
J432,404.91849,100.65163,404.11444,104.39797
J439,276.91473,31.392572,281.71597,32.561035
J440,86.520454,25.023933,71.731903,25.955349
J441,-412.93256,17.554296,-409.78802,18.207684
J449,-66.598801,11.259893,-41.607853,11.678998
J4520,1242.2933,71.30127,1313.683,73.95517
J4540,851.38348,200.56204,906.68677,208.02716
J45901,114.86718,47.019569,161.42958,48.76968
J45909,978.70599,18.375174,1021.3051,19.059114
J45998,369.85355,161.90683,466.16,167.93315
J470,68.309624,139.88437,75.600479,145.09099
J479,606.5069,66.963043,622.08203,69.455467
J690,2462.2507,23.139067,2505.0432,24.000326
J80,4405.3086,60.824951,4477.1099,63.088913
J810,1266.4906,41.650734,1279.4301,43.201012
J811,1981.1119,27.023279,2045.1302,28.029112
J8410,673.47076,41.014072,692.06696,42.540657
J84112,3501.3669,95.674637,3600.3574,99.235733
J849,1542.8864,51.658443,1583.8978,53.581223
J869,6311.7969,95.615608,6660.2539,99.174515
J90,1336.7317,15.859761,1366.7096,16.450077
J910,663.36035,72.303688,658.97101,74.994896
J918,497.40402,49.552208,556.65137,51.396587
J9382,12829.401,221.89873,13272.004,230.15802
J9383,3526.5886,83.159988,3608.1582,86.25528
J939,3763.27,48.199867,3945.9854,49.993916
J942,8142.1431,108.12076,8384.6465,112.14512
J948,825.77026,83.664658,871.22076,86.77874
J951,18217.4,170.16728,18720.537,176.50107
J952,15035.411,298.60294,15380.237,309.71722
J95811,3302.0247,81.185463,3420.6133,84.207268
J95821,13070.422,66.991478,13372.932,69.484962
J95851,35130.43,134.50262,36501.426,139.50894
J9589,6628.9443,127.20185,6787.769,131.93642
J9600,2003.4683,22.579145,2122.448,23.419563
J9601,898.34485,15.771143,902.63379,16.35816
J9602,2225.0352,33.220848,2259.4639,34.457359
J9610,-265.31955,39.16053,-113.59499,40.618122
J9611,-723.27417,33.318989,-690.6969,34.559155
J9612,31.467142,70.468536,89.171219,73.091446
J9620,996.6908,36.613239,1209.2207,37.976021
J9621,735.86975,24.478397,790.24152,25.389507
J9622,1778.2141,36.419662,1879.8331,37.775238
J9690,1984.4471,27.424297,2160.6843,28.445055
J9691,2166.5293,44.714836,2229.95,46.379166
J9692,1786.7056,101.03683,1861.1494,104.79751
J9801,-317.66519,98.892624,-278.42999,102.5735
J9809,2321.594,94.840607,2391.8027,98.370659
J9811,2810.0649,17.279015,2876.5388,17.922157
J9819,4712.2021,114.03421,4859.7764,118.27867
J984,1123.6832,29.427605,1145.4727,30.522928
K209,508.31656,57.172268,519.16656,59.300274
K210,-451.7269,41.668743,-443.52359,43.219696
K219,-.82998008,9.4771814,48.589825,9.8299313
K2210,1068.7146,73.239983,1097.9706,75.966049
K2211,506.53879,148.82413,540.92065,154.36349
K222,-287.94913,54.404537,-318.60007,56.429523
K224,546.69403,90.697746,526.99481,94.073601
K2270,59.216808,52.329346,61.74263,54.277092
K254,43.141773,71.18512,85.256409,73.834694
K259,-113.98363,54.570797,-99.907875,56.601971
K264,992.73615,80.654495,982.66394,83.656532
K269,-190.76808,69.628952,-213.04668,72.220604
K279,514.70111,59.854786,504.43713,62.082638
K2950,-502.8053,50.149654,-507.83408,52.016273
K2960,-431.24408,84.435623,-419.69919,87.5784
K2970,186.5244,35.308571,213.12233,36.622791
K2971,323.35211,87.436806,395.04111,90.691284
K2980,-63.962406,67.30423,-34.206936,69.809357
K30,521.37537,82.131798,625.82654,85.18882
K311,3744.4731,108.37268,3836.187,112.40641
K317,123.82588,83.099579,122.57845,86.192619
K31811,-833.73981,131.9059,-883.21106,136.81555
K3184,277.28259,56.09116,297.991,58.178925
K3189,608.0083,55.003693,648.9632,57.050983
K4090,546.17731,65.379196,566.39368,67.812668
K429,1265.7139,69.181305,1347.1992,71.756294
K430,2430.3018,147.1933,2595.6826,152.67197
K432,1681.954,81.113159,1788.0972,84.132271
K439,527.27441,62.865566,542.40588,65.205482
K449,-33.663223,24.940073,.54470831,25.868366
K5090,839.29633,60.867016,891.65466,63.132545
K5190,1085.7893,70.511932,1145.5065,73.136452
K521,2043.9323,81.498741,2098.5701,84.532204
K529,-576.91095,29.478434,-551.39044,30.575649
K550,4368.7495,164.68201,4470.4023,170.81163
K551,2233.2314,119.25047,2275.531,123.68908
K559,2100.0464,65.073608,2203.3323,67.495712
K560,1793.8624,100.48655,1916.1576,104.22675
K562,4772.6177,106.61465,4894.9565,110.58295
K5641,-598.3548,63.729095,-671.03888,66.101151
K565,3410.8191,96.505196,3516.8296,100.09721
K5650,3716.4277,113.22859,3833.25,117.44307
K5651,2245.8687,139.65543,2350.551,144.85353
K5660,104.21631,55.34119,156.6971,57.401039
K56600,-432.97592,77.466835,-380.58835,80.350227
K56609,346.22659,52.163822,388.61414,54.105408
K5669,392.60031,62.009209,419.04242,64.317253
K56699,1282.9583,90.672562,1328.257,94.047485
K567,4465.7109,35.847969,4637.4458,37.182266
K5720,2407.5811,71.952751,2477.3267,74.630898
K5730,-446.94098,30.954285,-427.2486,32.106434
K5731,-271.40277,71.220863,-187.85602,73.871773
K5732,326.5867,52.766533,413.0365,54.730553
K5790,-222.32994,37.563847,-232.55348,38.962009
K5792,198.13646,54.56171,219.97688,56.592548
K580,315.05093,179.77647,288.56271,186.46793
K589,39.920395,38.200451,44.415577,39.622307
K5900,1164.6721,14.620538,1183.6466,15.164728
K5901,914.17975,79.789658,926.35449,82.759506
K5903,1501.2639,76.443512,1550.5883,79.288811
K5909,367.03641,37.791687,369.73166,39.19833
K592,9426.6514,108.0235,9624.8203,112.04424
K625,-103.18484,42.940834,-101.98812,44.539131
K631,6013.1235,76.256706,6165.0552,79.095047
K632,4573.7515,91.687973,5336.0352,95.100693
K635,83.155952,58.828732,110.87508,61.018391
K6389,1127.1627,46.002415,1174.5387,47.714668
K644,816.68408,84.224602,836.48883,87.35952
K648,-130.68694,51.149956,-62.097504,53.053806
K649,664.60083,58.037777,679.19879,60.197998
K650,5590.9741,273.75824,5658.3389,283.94778
K651,4884.833,66.25798,5174.4126,68.724167
K652,1930.4601,122.20657,2015.4786,126.75521
K658,7809.7734,143.04865,7973.5249,148.37306
K659,5003.7837,83.387527,5153.0483,86.491287
K660,6182.6714,59.631409,6441.1582,61.850945
K661,6817.291,95.257996,7019.6172,98.803589
K7030,-588.59412,62.376404,-594.98993,64.698112
K7031,-1022.1859,73.54966,-1065.8788,76.287247
K7200,2870.0549,57.268913,2858.509,59.400517
K7290,14.204595,53.698891,-20.046337,55.697613
K7460,-802.4566,36.920906,-836.48547,38.295139
K7469,759.14478,70.127106,748.9137,72.737305
K750,3080.1873,180.28548,3240.3752,186.99586
K7581,-190.69867,70.348289,-229.42633,72.966721
K760,-95.421768,41.292576,-59.49361,42.829525
K761,1545.9794,104.75492,1540.8335,108.654
K766,987.53967,61.748699,1016.235,64.047043
K767,4802.1475,123.85743,4919.7988,128.46751
K7689,630.61798,55.552204,696.07617,57.619911
K769,471.97531,66.54615,553.43726,69.023064
K8000,1834.9391,67.104195,1966.9655,69.601883
K8010,1885.1639,67.72348,1976.0292,70.244217
K8020,-276.81152,30.48563,-253.70238,31.620335
K810,1783.582,54.61475,1913.9556,56.647564
K828,475.28525,60.394611,519.0155,62.642555
K830,1820.9429,95.954948,1849.4946,99.526489
K8309,1894.6857,165.6124,1926.1908,171.77664
K831,3968.7991,68.515984,4114.1567,71.066216
K838,345.13016,84.812744,415.27222,87.969559
K851,3475.0881,182.02155,3629.4973,188.79655
K8510,2462.2756,95.323502,2621.2766,98.871536
K859,1330.9207,95.504761,1414.1589,99.05954
K8590,974.19843,51.31171,1044.5273,53.221581
K861,353.10828,59.944462,355.68903,62.175652
K862,1384.7733,179.48277,1434.5197,186.1633
K8689,1124.9924,83.031631,1205.5565,86.122147
K913,6513.8535,116.15105,6662.021,120.4743
K91840,4022.5332,241.32385,4098.6689,250.30615
K9189,5455.5513,73.701904,5551.1133,76.44516
K920,-105.62654,47.958691,-130.96954,49.743759
K921,-653.96417,31.864435,-682.19061,33.050461
K922,-1566.7681,24.212618,-1533.8026,25.113834
K9423,964.21124,77.871017,1216.8267,80.769447
L02211,917.01666,90.361519,1043.7229,93.724861
L02416,2804.8604,208.09262,2980.0552,215.83803
L03113,1021.7604,72.436363,1130.6184,75.132515
L03114,933.98492,71.153046,1011.4117,73.80143
L03115,525.29919,30.265875,561.65881,31.392401
L03116,317.70621,29.975178,368.01868,31.090881
L03119,242.48502,77.387268,260.70779,80.2677
L03311,1381.842,80.89772,1480.7003,83.908806
L0390,294.54126,46.968197,362.14108,48.7164
L089,1281.7552,62.680477,1333.3082,65.013504
L270,2156.1047,99.085129,2199.7227,102.77317
L299,1674.2599,70.10244,1768.6293,72.711716
L309,981.51691,65.945107,1069.2559,68.399651
L4050,664.92175,115.83086,751.18561,120.1422
L409,475.49258,59.934841,502.7829,62.165672
L7622,3966.8643,222.64343,3940.8225,230.93044
L7632,6838.9106,108.4511,6925.6987,112.48775
L89150,1477.1073,62.725746,1713.6147,65.060455
L89151,1443.3098,66.258026,1440.9241,68.724213
L89152,1444.598,43.287556,1519.439,44.898762
L89153,2750.1294,55.444736,3226.7866,57.508442
L89154,3549.6763,55.283001,4563.2388,57.340687
L89159,729.93689,56.307404,848.8927,58.403217
L89312,618.99927,86.385513,643.16943,89.600868
L89313,2067.5125,141.00357,2314.6206,146.25185
L89322,612.3042,88.181,667.89789,91.463181
L89323,1926.0256,143.34625,2196.156,148.68173
L89610,571.24854,89.42804,872.04694,92.756638
L89620,709.58014,86.309669,987.30878,89.522202
L89890,2172.4827,110.37892,2486.5781,114.48733
L89892,1416.2164,219.15802,1529.9457,227.31529
L89893,3205.2515,140.76736,3660.2461,146.00685
L89899,1555.933,214.58505,1788.3569,222.57211
L97419,1801.4355,96.89962,1997.0972,100.50632
L97429,1840.0378,92.394218,2003.6208,95.833214
L97519,899.12653,58.843918,893.99731,61.034145
L97529,996.77954,59.850113,985.80743,62.077793
L97819,1232.5023,224.04308,1215.3474,232.38217
L97829,1611.5422,155.45543,1689.4585,161.24162
L97919,975.43268,91.299492,989.43597,94.697746
L97929,685.54749,89.452148,712.39404,92.781647
L98499,1348.319,190.99333,1401.105,198.10229
M009,4076.45,80.524902,4214.0449,83.52211
M069,249.27151,25.594143,300.36469,26.546782
M1000,-187.04155,102.93688,-188.4782,106.76829
M109,247.0601,19.993362,244.39961,20.737535
M129,-962.34454,63.40316,-925.78522,65.763084
M150,-744.30127,49.877075,-656.51135,51.733547
M159,-152.48463,48.222507,-148.53429,50.017395
M160,525.83197,69.900398,506.22122,72.502151
M1611,3079.5037,39.043171,3360.5513,40.496395
M1612,3053.1172,42.692768,3327.7473,44.281834
M170,1662.4196,43.249081,1724.995,44.858852
M1710,510.19012,117.08508,503.14517,121.44311
M1711,1637.6117,31.472013,1789.0344,32.643433
M1712,1586.6226,32.876003,1738.5311,34.099678
M179,1113.4156,51.309174,1233.7683,53.218948
M19011,2152.1326,55.881142,2315.3604,57.961094
M19012,2040.1025,60.55909,2172.4424,62.813156
M1990,-100.49923,13.192665,-80.593773,13.683708
M1991,289.91666,69.159904,338.69025,71.7341
M1A9XX0,492.22104,79.694771,469.83755,82.661087
M21371,1627.5657,92.082108,1664.4215,95.509491
M21372,1860.8513,91.256538,1918.257,94.653191
M2550,-148.50662,105.26235,-41.664886,109.18032
M25511,620.72345,49.013485,649.32721,50.837814
M25512,771.52338,51.873276,807.68872,53.80405
M25551,400.81534,37.972775,392.48389,39.386158
M25552,369.00027,40.551323,366.22632,42.06068
M25561,730.51556,43.438099,740.85364,45.054909
M25562,868.91156,45.903099,867.62238,47.611656
M329,613.84259,55.510689,683.16022,57.576851
M3500,780.96582,83.687035,839.88733,86.801941
M353,104.36568,56.495064,116.23521,58.597862
M40209,2129.1167,206.03986,2201.772,213.70886
M4186,12505.525,160.17482,12896.828,166.13667
M419,2268.4897,49.561939,2349.1738,51.406685
M4316,10524.379,57.226017,10929.582,59.356022
M4317,7346.3022,115.82674,7622.1885,120.13792
M4626,3263.1184,140.92229,3658.6335,146.16754
M4628,4329.4897,117.86263,4985.3135,122.24959
M4712,8349.1543,82.728806,8752.2324,85.808052
M4726,4808.5498,87.261162,5001.5562,90.509102
M47812,516.05933,55.672306,507.27023,57.744484
M47816,1062.1708,52.569721,1050.6438,54.526417
M47896,1479.2177,107.58949,1490.7742,111.59406
M479,505.99072,72.646095,528.3324,75.350052
M4800,105.28038,43.444016,113.13725,45.061043
M4802,3783.22,44.872898,3993.7622,46.54311
M4804,7940.2461,129.86084,8186.8022,134.69438
M4806,3369.4146,42.133751,3487.699,43.702007
M48061,2608.7366,41.957119,2667.1531,43.518803
M48062,6339.5342,66.254349,6569.7793,68.720398
M4807,3621.9316,74.793083,3798.2776,77.57695
M4854XA,2120.8694,74.889824,2142.2173,77.677299
M4856XA,1927.9788,72.956276,1891.6167,75.671776
M5030,84.873405,72.074272,85.225647,74.756943
M5116,4341.7905,67.649307,4547.3579,70.167282
M5117,4781.7563,150.56703,5000.8423,156.17128
M5126,1520.1895,64.043381,1565.8964,66.427132
M5136,1315.5605,39.71965,1356.0035,41.198055
M5137,2664.4409,90.04995,2766.4338,93.401695
M5412,2528.8716,82.299866,2711.8743,85.363144
M5416,2506.3984,49.61301,2574.9021,51.459652
M542,479.52628,39.358757,487.06512,40.823727
M5430,351.24191,80.196114,382.87027,83.181084
M545,240.93158,22.411034,230.89473,23.245193
M549,123.08561,24.747711,111.34921,25.668844
M6250,147.14587,34.914368,444.3295,36.213917
M6259,-67.894127,54.234856,215.81293,56.253529
M6281,485.42499,13.557012,898.45624,14.061616
M6282,848.08411,40.315384,940.86426,41.815964
M62838,946.96869,52.732098,998.75116,54.694836
M726,9671.5381,120.89801,10079.853,125.39795
M75101,2035.2351,196.02826,2159.7361,203.32462
M791,387.65604,166.32742,405.36139,172.5183
M792,1543.1115,102.42773,1592.0216,106.2402
M79604,658.06329,42.128883,647.0863,43.69696
M79605,425.28174,52.836193,409.78702,54.802807
M797,-180.38177,30.881689,-156.77365,32.031136
M7981,1175.4705,84.002838,1195.6462,87.129501
M7989,547.22949,27.749958,527.93811,28.782839
M810,576.94031,18.088167,623.96985,18.761425
M818,309.85605,115.44959,423.3074,119.74673
M8580,796.4043,37.42487,850.09351,38.81786
M86171,1488.8672,75.890503,1579.51,78.715218
M86172,1641.9193,78.268578,1749.4803,81.181808
M868X7,2953.7239,79.711174,3066.2891,82.678101
M868X8,7163.7358,259.95645,7836.0327,269.63226
M869,2015.3809,47.515808,2153.291,49.284389
M960,16371.849,130.03665,17007.176,134.87674
M961,3391.4197,92.303963,3484.6648,95.739609
N10,-385.52768,54.971272,-333.86823,57.017353
N12,73.061699,56.801102,78.07502,58.915291
N131,1966.5857,185.21152,2013.3835,192.10527
N132,898.92737,57.991356,997.88129,60.149849
N1330,309.77469,38.551746,329.81335,39.986679
N136,667.65137,61.964863,694.84509,64.271255
N138,586.34521,56.271328,628.17841,58.365799
N139,-649.98279,53.310604,-579.88373,55.294876
N141,1615.8546,130.31648,1605.6196,135.16699
N170,4995.4277,29.182554,5173.5464,30.268757
N178,-691.51202,48.244923,-671.53351,50.040646
N179,88.812691,11.810747,100.93716,12.250355
N182,507.29361,38.316174,611.1853,39.742336
N183,-313.79129,18.444944,-213.03253,19.131483
N184,-419.70532,26.241951,-339.84412,27.218702
N185,-495.99503,53.021698,-473.3241,54.995216
N186,-301.97452,28.885794,-210.26326,29.960949
N189,673.4176,19.161367,771.02441,19.874573
N19,-444.50323,57.051075,-372.23767,59.174572
N200,-175.40855,34.217239,-196.22049,35.490837
N250,1075.738,77.844856,1076.0718,80.742317
N2581,710.97058,36.751289,725.65546,38.119205
N281,-600.16827,33.932693,-595.48645,35.195702
N2889,784.83221,48.57785,840.44373,50.385967
N289,552.79358,32.354023,578.01715,33.55827
N3000,-651.00952,34.385509,-685.57086,35.665367
N3001,-1090.0228,59.405842,-1111.9662,61.616985
N3090,182.2701,71.958565,187.85071,74.636932
N319,-249.27036,39.062325,-230.97862,40.516262
N320,-145.3398,84.58242,-153.79979,87.730659
N3281,49.585709,43.47982,69.563599,45.098179
N3289,633.0993,58.689388,675.12885,60.873863
N359,634.91846,135.74957,633.47498,140.80229
N390,628.32483,12.760331,735.78815,13.235283
N393,996.05505,82.025902,1039.3464,85.078987
N3941,507.53378,85.124481,481.69135,88.2929
N39498,1772.4658,98.321251,1741.7822,101.98086
N400,606.41412,15.785774,644.52917,16.373335
N401,13.72996,29.082159,26.53968,30.164625
N508,1797.8772,196.06821,1845.0531,203.36604
N5089,1510.2776,104.77087,1571.8541,108.67054
N529,647.0929,89.67897,677.23718,93.016907
Q211,4428.0244,72.062477,4519.0298,74.744713
Q231,7809.4463,302.47531,8088.5054,313.73373
Q613,641.30878,107.07632,650.92072,111.0618
Q909,2104.3228,107.91795,2357.6433,111.93476
R000,1280.129,21.378315,1324.0673,22.174036
R001,948.96942,21.801403,1006.4789,22.612871
R011,465.76416,48.799362,489.14572,50.615723
R030,2159.1873,78.946205,2406.6958,81.884659
R040,1182.0037,60.013252,1210.5841,62.247002
R042,2007.6871,52.623951,2086.5903,54.582664
R05,48.003403,23.373056,12.562255,24.243025
R0600,-378.73926,21.215626,-391.51288,22.005293
R0602,-513.34009,13.180866,-549.61859,13.671471
R0603,735.19562,58.280521,780.84796,60.449776
R0689,1654.2758,43.512093,1720.1208,45.131653
R0789,-289.7392,22.07156,-300.77396,22.893084
R079,-183.33456,13.988986,-240.2225,14.509669
R0902,581.33618,19.420959,598.19232,20.143826
R1013,-167.89574,42.459484,-153.6924,44.039867
R109,-414.12823,19.119585,-423.87689,19.831234
R110,1074.7236,36.456554,1112.1942,37.813503
R1110,486.26059,50.407513,509.47073,52.28373
R112,-33.97332,25.992046,-33.087601,26.959496
R1310,913.59998,18.078548,939.79773,18.751448
R1311,571.70752,36.627274,779.24927,37.990578
R1312,208.37175,19.371885,443.69086,20.092926
R1313,535.56866,69.0299,532.25409,71.599258
R1314,-276.55182,85.337967,-317.23492,88.514328
R1319,622.16003,57.872185,646.71521,60.026241
R140,754.66168,35.876064,779.8938,37.211407
R159,2734.6267,69.624847,2742.8538,72.216354
R161,215.07733,78.816849,256.91089,81.750488
R17,946.03381,73.619492,1050.974,76.359673
R180,149.30724,109.52663,119.29438,113.60332
R188,888.88593,32.686565,945.6637,33.903191
R195,-865.09515,60.606499,-881.28674,62.862331
R197,561.0365,24.307138,567.41888,25.211874
R200,566.37347,63.848328,585.8515,66.224823
R202,844.49115,102.35351,854.04987,106.16321
R21,2102.9294,51.071384,2157.853,52.972309
R251,370.91711,56.61982,374.02905,58.727261
R252,3396.541,95.370712,3434.863,98.920494
R260,2117.7822,70.126404,2171.0649,72.73658
R262,1058.0222,14.830008,1165.7079,15.381994
R2681,96.746208,22.539692,110.21093,23.378641
R2689,1274.2445,19.803457,1341.0077,20.540562
R269,1906.2489,21.919764,1955.5129,22.73564
R270,711.04419,52.570271,743.11285,54.526985
R278,83.027626,23.054035,327.86197,23.912128
R279,-288.36255,26.685293,-63.546692,27.678547
R293,99.20565,39.363609,360.43835,40.828762
R296,-19.182852,23.395952,21.846424,24.266771
R29700,-1094.2388,167.59506,-980.9657,173.83311
R29810,720.60217,44.329292,708.05182,45.979271
R29898,719.15192,53.644035,752.49725,55.64072
R300,767.42212,75.494125,806.52673,78.304092
R310,-130.01944,44.10342,-129.05618,45.744991
R3129,15.035022,185.99486,77.940117,192.91776
R319,542.58362,37.057858,539.37976,38.437183
R32,1269.1675,30.900764,1248.3678,32.050922
R338,1066.0762,36.48259,1061.0267,37.840508
R339,1113.5695,21.633316,1129.9819,22.438528
R34,3299.9282,91.727226,3321.1008,95.141403
R350,1501.0448,61.82568,1519.7499,64.126892
R351,734.31586,141.09189,805.67377,146.34346
R3915,1351.9917,114.24387,1372.9154,118.49614
R400,766.19537,85.739548,728.79944,88.930855
R4020,1068.6702,75.560501,1103.0239,78.37294
R402112,942.26721,311.14435,869.22705,322.72543
R402142,-178.89713,177.97908,-252.35628,184.60362
R402143,270.20404,203.3098,290.20154,210.87718
R402212,782.81671,185.7081,758.8963,192.62033
R402213,3368.9629,182.23654,3432.8962,189.01956
R402214,8252.709,197.83926,8475.4199,205.20303
R402252,392.68112,150.69026,444.45868,156.2991
R402253,-271.78613,181.901,-194.75851,188.67152
R402362,187.69507,186.68332,240.8788,193.63185
R402363,1026.5819,208.27908,971.3894,216.03143
R410,592.01849,25.624537,543.39154,26.578306
R413,991.78064,66.901009,967.3728,69.391121
R414,4237.0063,105.61579,4161.1987,109.54691
R4182,-411.57022,17.02817,-454.27081,17.661974
R41841,-221.52702,21.419632,-45.382557,22.21689
R4189,1972.7363,48.420372,1965.8094,50.222626
R419,1533.1249,116.40283,1702.9681,120.73546
R42,-155.14838,25.950243,-183.45645,26.916136
R441,1052.1014,104.02106,1030.4508,107.89283
R443,763.4505,75.776642,761.76263,78.597122
R451,1419.6879,48.073929,1490.6136,49.863289
R45851,1029.7806,38.655998,1141.9707,40.09481
R4701,1055.9084,33.594719,1166.5425,34.845146
R4702,-272.29092,79.81218,-310.7644,82.782867
R471,1005.4479,42.258648,1039.4576,43.831558
R4781,-404.4855,48.865253,-424.44196,50.684067
R488,-700.29089,30.5499,-536.82721,31.686996
R489,-472.08926,49.756809,-290.08975,51.608803
R490,1943.4788,94.983101,1975.7443,98.518463
R5081,4388.6318,82.337074,4453.0742,85.401741
R5082,4093.9248,107.21835,4178.1558,111.20912
R509,679.37976,23.086447,695.32294,23.945747
R51,337.93631,29.237617,347.57196,30.325869
R52,-534.83221,30.442945,-467.67255,31.576059
R531,552.9964,15.126543,562.14764,15.689567
R532,2352.6987,65.146767,2511.3242,67.571587
R5381,1556.1832,21.532316,1529.4459,22.333769
R5383,467.6243,37.893764,426.86792,39.304207
R54,-355.24173,43.416859,-309.44644,45.032875
R55,-141.03435,19.520159,-156.61256,20.246717
R569,519.60248,26.794575,568.97754,27.791895
R570,12134.244,50.38105,12296.026,52.256279
R571,2161.0361,65.277618,2194.3091,67.707314
R578,7661.6841,79.146942,7802.9507,82.092865
R579,859.03168,58.01128,887.0979,60.170513
R590,1300.514,56.098564,1384.5754,58.186607
R591,1755.9205,165.8284,1844.4172,172.0007
R600,777.44666,23.571112,766.16779,24.448452
R601,-110.43752,56.312164,-71.372665,58.408157
R609,80.161545,31.269726,103.80801,32.433613
R6250,2443.5493,212.48706,2641.2783,220.39604
R627,-199.29611,27.724716,-201.45934,28.756655
R630,2.8822296,44.688354,22.702444,46.3517
R633,1804.2517,126.31296,1802.1857,131.01445
R634,-49.048717,44.834274,46.408386,46.503048
R636,1442.2115,85.097076,1595.0806,88.264473
R64,625.92926,39.278778,688.17676,40.740772
R6510,478.09363,47.135872,485.75565,48.890312
R6520,1149.6552,30.529945,1153.1564,31.6663
R6521,4550.104,29.734308,4667.4409,30.841047
R680,-903.70343,92.853981,-966.83606,96.310089
R6889,1178.5598,82.884583,1155.3041,85.96962
R7303,2056.9939,55.637585,2173.4065,57.708466
R7309,2156.9431,132.8687,2264.2119,137.81419
R739,2203.9041,30.260574,2301.1792,31.386902
R740,782.29779,42.6124,806.72913,44.198475
R748,-995.80823,31.636759,-1007.3311,32.814308
R7881,-280.33527,30.559879,-234.62994,31.697348
R791,-220.63872,38.020618,-242.91946,39.435783
R7989,-480.4718,27.51989,-475.02686,28.544205
R809,-333.17825,86.45575,-334.71756,89.673714
R8271,106.93965,88.530296,118.63352,91.825478
R911,205.5222,34.492481,242.16888,35.776325
R918,1037.9376,15.383285,1041.2019,15.955866
R9431,1586.5162,18.383427,1597.1445,19.067677
R945,-98.729507,52.484905,-43.042706,54.438442
S0003XA,442.00003,73.037804,416.22363,75.756348
S0083XA,633.68921,80.382042,637.16064,83.373932
S0101XA,1490.826,76.610405,1553.318,79.461922
S0181XA,2148.425,86.239937,2235.0708,89.449875
S065X0A,2383.8845,71.651955,2403.6318,74.318909
S065X0D,1656.8016,130.11601,1671.1687,134.95905
S065X9A,2676.9961,79.665184,2686.7205,82.630402
S066X0A,1477.3478,124.10467,1471.8877,128.72397
S066X9A,3812.907,119.48109,3884.4678,123.92829
S0990XA,-55.280567,36.615376,-109.07084,37.978233
S2241XA,1868.9141,76.124985,1858.6807,78.958427
S2242XA,1952.0051,77.641418,1944.6595,80.531303
S2243XA,6480.6548,247.71892,6562.0034,256.93924
S270XXA,4653.9644,234.26559,4785.9761,242.98518
S72001A,3414.6084,54.774937,3414.0618,56.813709
S72001D,1557.2417,60.372768,1804.4261,62.6199
S72002A,3523.155,54.915955,3517.3728,56.959976
S72002D,1338.0175,61.724072,1579.8152,64.0215
S72011A,2717.8821,94.42807,2775.9504,97.94278
S72012A,2686.5933,88.364365,2755.4641,91.653366
S72141A,2981.3298,67.483154,2951.7048,69.994942
S72141D,1912.3997,75.928062,2213.9617,78.754173
S72142A,3000.4441,65.942444,2973.6301,68.396881
S72142D,1866.608,72.697716,2196.0725,75.403595
T17590A,11514.071,141.54311,11856.882,146.81148
T17890A,9538.2852,132.63196,9770.9131,137.56865
T17990A,4118.7427,129.23224,4230.333,134.04239
T368X5A,695.37366,100.86918,608.49744,104.62363
T380X5A,1040.1503,40.547955,1049.4895,42.05719
T402X5A,1389.2949,66.800766,1375.5959,69.287155
T40605A,787.20068,81.38488,782.38855,84.414101
T451X5A,672.1983,54.109627,655.68286,56.123638
T45515A,-1237.7998,58.866016,-1305.1646,61.057068
T501X5A,-539.06476,111.95319,-565.07684,116.12019
T502X5A,-1165.6075,61.36264,-1169.7463,63.646618
T508X5A,2073.8625,125.49075,2119.52,130.16164
T50905A,105.98997,95.066605,84.947029,98.605072
T80211A,5404.8389,100.6088,6191.9063,104.35356
T8111XA,37029.352,203.44415,37630.207,211.01654
T8119XA,15295.418,164.71996,15627.25,170.851
T8130XA,4269.0649,139.34839,4379.6816,144.53506
T8131XA,6149.7222,77.021393,6476.8105,79.888199
T8132XA,10281.704,121.23682,10586.425,125.74937
T8141XA,4288.002,180.35283,4140.2515,187.06573
T8143XA,5868.8359,269.09647,5800.0864,279.11249
T8144XA,6751.5986,256.74942,6839.2456,266.30588
T8149XA,3219.8579,152.86206,3321.5715,158.55173
T814XXA,4729.5415,56.235973,4764.9653,58.329128
T8189XA,2877.7393,184.48631,3262.9941,191.35306
T827XXA,3893.3469,70.070625,4077.4143,72.678726
T82838A,4610.9282,178.82053,4705.1064,185.47639
T82855A,5858.0122,95.537567,6011.7622,99.093567
T82857A,7564.8682,150.86667,7665.438,156.48206
T82858A,5172.6416,89.726128,5216.228,93.065819
T82868A,7053.7539,67.496277,7177.2935,70.008553
T82898A,4021.9019,77.105637,4120.7324,79.975578
T83511A,-861.16107,59.94891,-1006.5125,62.180267
T83518A,-686.69366,99.571602,-774.41711,103.27776
T8351XA,-775.69598,109.47942,-880.11786,113.55434
T8453XA,6930.0083,236.99167,7133.1587,245.81271
T8579XA,4549.4873,229.83786,4610.4185,238.39265
T8612,3916.5579,93.163818,4015.6631,96.63147
T8619,6063.9482,101.00037,6155.6768,104.75969
W19XXXD,192.85803,52.256268,270.85352,54.201298
Z006,28702.369,54.191055,28931.344,56.208099
Z111,-220.43579,76.7677,-246.577,79.625069
Z1612,29.64155,62.992237,105.67551,65.336868
Z1621,1418.7261,106.26326,1966.2751,110.21848
Z1624,319.35052,83.758774,417.06747,86.87635
Z21,1102.4221,85.865211,1129.391,89.061195
Z22322,515.85138,72.220451,485.94046,74.908562
Z23,882.61401,25.774183,995.36554,26.733524
Z2821,1025.7288,65.952728,1125.7853,68.407555
Z418,2114.6265,175.39067,2075.7283,181.91887
Z430,14364.712,82.615288,16053.506,85.690308
Z431,2507.385,49.166451,3349.7544,50.996475
Z433,2018.9218,87.468063,2416.481,90.723701
Z471,2750.7234,26.245102,2796.0383,27.22197
Z4781,3348.4719,75.207588,3632.4717,78.006889
Z4789,3356.863,32.189877,3582.1665,33.388012
Z4801,64.422371,89.002731,131.09119,92.315498
Z48812,6549.3574,45.992298,6575.4404,47.704174
Z48815,944.55469,59.380291,869.59692,61.590481
Z4889,3414.2124,45.819077,3551.4893,47.524506
Z5111,8724.0029,80.112312,8605.5332,83.09417
Z515,-1505.702,22.139048,-1600.3427,22.963083
Z5181,1658.0914,61.832916,1749.0599,64.134399
Z5189,1573.7356,24.355318,1760.4192,25.261845
Z5329,1064.6274,110.43505,1161.9895,114.54555
Z5331,5031.0703,117.23605,5195.0654,121.59969
Z590,2978.2107,55.292091,3158.1902,57.350117
Z602,1053.6813,78.419243,1020.2659,81.338081
Z66,-1036.6771,14.723664,-1146.396,15.271692
Z681,-405.45261,30.682041,-521.8327,31.824055
Z6820,122.27928,65.155762,-35.764893,67.580925
Z6821,320.91428,67.656677,196.20488,70.174919
Z6822,389.92584,70.12632,243.11217,72.736488
Z6823,627.74176,72.12265,492.20462,74.807121
Z6824,767.86688,74.996078,644.8457,77.787506
Z6825,944.2041,71.005783,866.9599,73.648689
Z6826,1104.6198,74.227608,1003.5276,76.990425
Z6827,1417.6202,72.021202,1350.2908,74.701897
Z6828,1420.3497,69.483673,1375.6388,72.069923
Z6829,1475.9104,64.846893,1437.642,67.260551
Z6830,1812.2772,50.72258,1815.368,52.610519
Z6831,1920.1118,51.477478,1930.2552,53.39352
Z6832,1815.3055,51.284996,1816.6029,53.193871
Z6833,1793.9736,51.682472,1803.9929,53.60614
Z6834,1740.1298,51.855186,1743.5625,53.785286
Z6835,1901.4005,50.906075,1904.3047,52.800846
Z6836,1741.6602,53.126072,1734.9603,55.103477
Z6837,1810.8296,54.869183,1812.3938,56.911465
Z6838,1731.7102,56.560276,1733.0953,58.665504
Z6839,1610.03,58.487453,1593.6157,60.66441
Z6841,1888.0018,31.466661,1884.6096,32.637882
Z6842,1774.7034,40.882423,1755.1411,42.404106
Z6843,1774.3645,47.118141,1754.8856,48.871922
Z6844,2181.4866,84.786797,2164.0098,87.942642
Z713,2904.4607,69.58091,2896.9055,72.170776
Z716,-383.93701,73.322327,-349.35724,76.051453
Z720,1531.9017,38.425896,1567.4021,39.856148
Z7289,585.07214,88.404213,694.10406,91.694702
Z736,-87.669403,93.893608,-56.316021,97.388412
Z7401,-409.47635,44.809628,-524.93414,46.477486
Z7409,2225.7734,45.03558,2250.0544,46.711845
Z741,-371.5459,31.253191,-324.97885,32.416466
Z751,7148.2124,231.33932,8077.9341,239.95
Z7682,13289.608,120.1543,13548.056,124.62656
Z7722,674.31506,104.19464,745.79541,108.07286
Z781,5425.3936,49.190338,5563.9907,51.021252
Z7901,318.34692,14.110875,305.38373,14.636095
Z7902,-231.48117,22.052277,-277.22119,22.873083
Z791,230.71211,46.179878,315.96106,47.898735
Z792,811.22455,47.209091,806.4549,48.966259
Z794,244.29286,15.865102,209.90221,16.455616
Z7951,-185.897,30.483294,-225.01161,31.61791
Z7952,504.58871,29.795355,467.26962,30.904367
Z7982,240.49974,11.811379,261.71512,12.25101
Z7983,377.82108,90.535202,391.95352,93.905014
Z7984,382.96332,19.639774,400.65158,20.370785
Z79890,41.930843,52.702705,28.784117,54.664352
Z79891,-65.463737,30.693205,-98.498634,31.835636
Z79899,118.83308,12.684115,147.65407,13.156231
Z800,535.40295,49.729542,582.87598,51.580524
Z801,227.66705,63.126701,253.41267,65.476341
Z803,693.48383,58.358246,737.43396,60.530396
Z8042,808.02771,94.818558,860.72284,98.347794
Z808,1051.6705,81.131691,1096.735,84.151489
Z809,190.8022,58.305355,199.9436,60.475536
Z818,617.0705,73.574173,676.5885,76.312668
Z820,378.94391,87.016907,393.19858,90.255753
Z823,9.471118,42.808018,15.34387,44.401375
Z8249,181.32019,22.343241,209.77217,23.174877
Z825,-3.955848,71.125671,-10.903619,73.773041
Z8261,601.13208,140.34447,659.69055,145.56821
Z833,86.200386,32.36335,57.699417,33.567944
Z85038,257.92337,35.316147,273.37656,36.63065
Z85048,565.98767,80.306679,575.56122,83.295769
Z85118,60.236885,45.758675,52.059692,47.461857
Z8521,655.30304,155.75102,450.01126,161.54822
Z853,529.3338,26.702826,597.26068,27.69673
Z8541,439.81177,80.491867,470.58664,83.487846
Z8542,363.59549,61.575825,389.12555,63.867737
Z8543,566.92426,86.293304,595.03729,89.505226
Z8546,456.25568,27.07502,506.10971,28.082777
Z8551,32.359051,45.106972,41.639133,46.785896
Z85528,234.71689,62.336243,243.81096,64.656456
Z8572,434.93488,64.668472,483.44949,67.0755
Z85820,773.04108,51.896721,840.98859,53.828365
Z85828,339.2865,29.434988,389.00961,30.530586
Z85850,783.75415,81.222954,806.34021,84.246147
Z8589,965.92291,98.074928,969.34198,101.72537
Z86010,-489.38745,41.916222,-473.47571,43.476383
Z8611,1217.8,120.94967,1284.5083,125.45153
Z8614,-527.32965,44.262451,-609.14661,45.909943
Z8619,263.62921,48.926918,263.22861,50.748028
Z8669,225.49664,176.18513,232.42538,182.7429
Z86711,93.423424,26.578012,94.774155,27.567272
Z86718,72.640602,21.069513,82.028183,21.853741
Z8673,30.548426,14.350899,4.3707442,14.885053
Z8674,1491.2103,69.476707,1667.9565,72.062698
Z8679,174.87816,50.762192,167.20352,52.651608
Z8701,-165.01717,37.697277,-270.32559,39.100407
Z8711,-494.31174,37.950993,-525.87756,39.363567
Z8719,-538.64423,54.409039,-571.2804,56.434193
Z8739,564.23804,168.76784,556.4563,175.04953
Z87440,-505.16034,29.321817,-568.36462,30.413204
Z87442,49.314236,35.64146,86.765045,36.968071
Z8781,357.07382,68.935966,381.14728,71.501831
Z87820,898.89111,57.164738,1011.457,59.292465
Z87891,1285.405,10.587382,1361.8301,10.981455
Z87898,550.09375,125.93514,579.37415,130.62256
Z880,532.91583,19.109537,563.21936,19.820812
Z881,82.518875,27.08667,81.958298,28.094862
Z882,72.584404,24.721262,89.043152,25.641411
Z883,-4.1632776,79.106659,-4.6601124,82.051086
Z885,31.037022,24.241165,36.389774,25.143444
Z886,155.76236,33.801189,151.47763,35.059303
Z887,-237.52637,91.468658,-252.91753,94.873207
Z888,105.42339,20.872704,100.56756,21.649605
Z89411,376.92316,150.45711,319.96689,156.05727
Z89421,457.33676,75.398468,476.56223,78.204865
Z89422,425.40082,78.014557,426.50854,80.918335
Z89511,534.11462,59.259556,644.53217,61.465256
Z89512,635.12347,59.191032,753.22815,61.394176
Z89611,-129.4124,75.04393,-18.835819,77.837135
Z89612,-122.02993,74.336555,-10.186852,77.103432
Z9010,138.48203,108.98382,117.03294,113.0403
Z9011,132.48097,79.020157,127.09882,81.961357
Z9012,-59.976509,75.108063,-65.418007,77.903656
Z9013,390.86676,85.246544,433.90289,88.419502
Z902,358.43011,69.919922,363.5979,72.522408
Z9049,-280.82034,19.691801,-292.65131,20.424747
Z905,499.41858,51.412914,506.18176,53.32655
Z90710,42.060463,23.225634,61.901924,24.090115
Z90722,680.27368,133.75633,705.48218,138.73488
Z9079,538.0354,60.334076,544.4787,62.579765
Z9081,492.15991,84.655876,521.98523,87.806854
Z9089,-496.01154,66.367661,-491.63394,68.837929
Z91013,1003.5127,63.382229,1045.6117,65.741371
Z91018,1050.8267,69.811264,1082.6758,72.409706
Z91040,446.62918,51.731956,462.84933,53.657471
Z91041,51.803444,44.780708,49.611855,46.447491
Z91048,161.38773,67.845833,176.0533,70.371124
Z9109,17.025789,133.6051,26.608393,138.578
Z9111,-487.4982,80.978134,-539.79547,83.992218
Z91128,728.97705,179.32501,832.8551,185.99965
Z9114,1265.2753,29.959948,1349.0192,31.075087
Z9115,-1558.3179,75.398384,-1741.397,78.204788
Z9119,110.52434,29.43425,119.73306,30.529821
Z915,684.79077,64.604416,774.01306,67.009048
Z9181,628.53558,17.38677,718.29907,18.033922
Z9221,845.84454,36.647057,865.44446,38.011097
Z923,967.45807,34.905132,979.31134,36.204334
Z930,567.73492,61.007523,1010.4347,63.278278
Z931,-985.20056,38.54187,-825.2384,39.976437
Z932,236.12337,72.415092,267.15057,75.110451
Z933,-453.37656,46.513992,-473.16437,48.245289
Z936,326.70981,84.13813,233.8727,87.269829
Z940,2046.9865,49.006191,2140.7385,50.830246
Z944,4615.251,92.182526,4902.9243,95.613647
Z9484,5473.7954,122.73673,5653.7266,127.30511
Z950,-152.81337,18.546467,-147.26611,19.236784
Z951,-225.08728,17.677269,-242.75038,18.335234
Z952,1044.3732,29.779911,1081.5072,30.888348
Z953,576.35706,56.879662,576.9201,58.996777
Z955,144.44527,17.993183,131.08218,18.662907
Z95810,-54.477898,30.036783,-52.451035,31.154779
Z95811,12482.292,158.90176,13013.005,164.81624
Z95818,-290.94946,177.45569,-342.77277,184.06076
Z95820,665.29932,73.815651,647.45245,76.563141
Z95828,917.62231,60.50251,909.51855,62.754471
Z960,-50.373592,80.589035,-129.37187,83.588631
Z961,276.17407,69.038849,292.48349,71.608536
Z9641,300.26297,111.72276,327.48355,115.88119
Z96611,1121.8047,69.472702,1183.3076,72.05854
Z96612,1013.0012,77.33522,1050.3657,80.213715
Z96641,1212.6257,31.982309,1226.3248,33.172722
Z96642,1284.5206,34.671555,1301.2019,35.962059
Z96643,1370.1563,49.198299,1404.8964,51.029507
Z96649,470.22592,55.559193,469.28198,57.627159
Z96651,792.34113,30.848999,748.80933,31.997229
Z96652,781.62592,32.846184,741.3949,34.068752
Z96653,822.77917,33.251698,822.42206,34.489357
Z96659,190.33562,52.437599,184.68326,54.389378
Z981,4483.5654,32.96241,4599.9561,34.189301
Z982,1156.29,78.44252,1185.4846,81.362221
Z9841,272.08572,105.11015,291.71152,109.02245
Z9842,-124.442,104.65552,-138.40271,108.5509
Z9849,-326.83023,62.572937,-337.64716,64.901962
Z9851,42.541924,78.561188,84.501053,81.485313
Z9861,843.20819,45.907169,816.74115,47.615879
Z9884,594.01038,43.217636,645.99377,44.826237
Z9889,3674.9731,51.967625,3783.2212,53.901909
Z98890,2953.5549,27.159845,3051.1646,28.170759
Z9911,12980.78,52.443718,13747.831,54.395725
Z992,1173.5747,35.064781,1262.2024,36.369926
Z993,268.11777,44.664604,196.2594,46.327065
Z9981,-48.341892,20.882502,-179.70389,21.659769
Z9989,11.288904,95.756973,2.22856,99.321136
_cons,1169.2189,9.4771585,1759.812,9.8299065
