icd10,b_drug,se_drug,cnt
A047,98.014359,16.873436,3211
A0471,46.705299,36.247673,626
A0472,52.353367,18.992956,2301
A049,16.028345,58.349678,243
A084,-1.8988097,18.9536,2225
A09,1.7823254,18.669489,2374
A310,9.7925196,28.964808,1250
A400,-37.317307,72.409897,173
A401,-130.66852,52.294014,301
A403,6.5133157,43.367607,467
A408,54.169498,47.274681,377
A409,-64.752251,49.016602,350
A4101,22.513275,29.197813,1055
A4102,-17.643641,29.50828,994
A411,-68.189087,48.405563,359
A412,52.735806,69.672287,172
A414,-39.857605,53.756886,291
A4150,-1.7031139,31.281736,857
A4151,-5.3732982,15.966168,3362
A4152,-4.4188328,39.995819,517
A4159,-6.5070066,28.931175,998
A4181,-9.0840082,36.480103,631
A4189,-.71726829,20.295904,2095
A419,-12.730365,4.8811693,41436
A4902,66.68692,29.540365,1001
A6920,-22.167318,38.986416,638
B0229,24.51086,23.026346,1678
B029,22.546446,10.60403,7428
B078,27.734362,23.817368,1633
B079,12.533686,23.157877,1662
B182,1576.6154,12.09109,7311
B1920,264.55316,23.071692,1815
B20,69.635147,12.715275,10474
B349,13.877469,13.764168,4313
B351,12.918577,3.3771832,88263
B353,64.470749,17.788681,2868
B370,24.384411,32.035316,759
B3749,13.926707,49.158077,333
B377,-177.00685,76.717354,144
B3781,-.43981099,35.206478,645
B49,-122.89579,60.328369,233
B9561,168.13168,59.638336,241
B9562,382.52271,35.749783,658
C01,19.943363,32.492477,1362
C021,28.200426,70.079506,216
C029,109.84218,34.306194,1048
C069,-16.644064,54.863659,390
C07,3.0338941,43.480785,616
C090,-162.17352,85.567474,171
C099,-68.250504,35.178993,1021
C109,75.758598,41.214111,718
C139,16.355528,120.03745,105
C154,-29.520546,63.296524,305
C155,-13.408123,29.21562,1703
C159,5.8210359,22.679193,2673
C160,-9.9020357,36.570415,982
C162,36.473232,73.845703,214
C163,-20.20443,76.614845,191
C169,-19.784523,29.672192,1533
C170,-71.08786,71.703102,270
C180,39.790722,27.644375,1660
C181,20.821072,56.176983,481
C182,1.897598,19.943148,3252
C183,.037728619,48.125515,463
C184,60.628613,34.610039,1090
C185,145.97194,90.500763,115
C186,81.502502,38.270714,941
C187,-19.962645,20.567093,3276
C188,212.61522,62.962681,289
C189,1.3589301,11.229919,10209
C19,-3.7170558,26.443773,1720
C20,-12.307622,16.378557,6158
C210,.29844409,36.893295,986
C211,-8.8079357,45.992023,562
C218,34.670712,59.344551,346
C220,181.82703,20.572411,3436
C221,-83.170639,35.082581,1256
C228,58.684978,59.419991,291
C229,10.809571,34.441299,807
C23,125.18741,61.306953,463
C240,43.075966,61.338345,328
C241,-29.40522,61.66885,411
C250,80.468063,24.848598,2574
C251,3.7987678,40.342873,845
C252,84.797394,49.429321,621
C254,151.13405,114.50195,118
C257,-42.882015,73.48214,172
C258,345.38443,97.20092,109
C259,11.928493,19.289324,4031
C300,33.189663,108.02924,140
C320,8.4719114,40.695602,677
C321,-4.6460481,44.123051,677
C328,-16.999542,94.546135,122
C329,-19.448135,28.487484,1571
C3401,-24.051708,41.504459,614
C3402,-14.128893,50.360573,445
C3410,-77.930763,33.842503,1041
C3411,-14.112076,13.11622,7559
C3412,52.495338,15.125901,5633
C342,-61.922855,31.647896,1194
C3430,-117.98341,51.798317,512
C3431,28.559528,18.054585,3724
C3432,2.3306675,20.125664,3079
C3480,-156.97092,60.123547,318
C3481,32.024647,42.713566,737
C3482,6.8031411,61.419239,255
C3490,57.422688,8.8924389,16101
C3491,16.784851,15.100739,5107
C3492,34.021984,17.292187,3750
C37,-221.52354,96.587463,127
C411,32.113319,72.646751,225
C419,-274.63449,92.374054,131
C4339,-47.621723,69.89753,217
C434,218.8967,35.171848,899
C4359,6.8872399,27.677382,1392
C4361,-13.656034,45.874699,482
C4362,-13.03314,41.135685,623
C4371,-5.6381583,54.540184,374
C4372,47.139141,61.68013,307
C439,31.161615,20.417587,2649
C4401,4.0870929,44.527782,461
C44112,-74.363586,55.965298,306
C44119,.046668492,54.700779,313
C44212,16.41272,35.226959,704
C44219,18.034561,27.089937,1167
C44222,-3.6793227,31.744946,856
C44229,-2.5964024,36.719242,639
C44310,-8.6011143,32.651146,825
C44311,12.8781,12.414687,5702
C44319,13.020664,10.018282,8704
C44320,-17.405712,40.818089,528
C44321,.0270567,29.122627,1002
C44329,18.557129,13.421468,4768
C4441,5.3266697,15.650231,3538
C4442,-19.132668,16.19591,3399
C44519,-.26890868,13.726814,4575
C44529,-14.257355,27.362225,1140
C44612,-18.468302,31.513372,897
C44619,18.172314,31.236698,916
C44622,14.938313,16.719069,3015
C44629,23.647411,16.103203,3236
C44712,-2.8778305,40.630775,549
C44719,29.356146,40.702381,558
C44722,37.29657,20.805304,1996
C44729,63.269299,20.004578,2165
C4491,11.12065,32.387802,847
C4492,70.723747,26.100321,1243
C450,-71.802299,64.985382,355
C459,17.256573,81.770813,175
C480,86.134315,76.255287,228
C482,134.85768,50.355549,579
C490,-18.387831,68.832855,216
C4921,-23.868919,83.466858,176
C4922,8.7120447,91.277252,123
C494,186.18481,99.724495,105
C499,50.811169,30.038727,1370
C49A2,11.144548,62.166439,287
C49A3,1194.9575,101.68839,131
C50011,91.680008,42.361362,588
C50012,80.449974,42.838707,590
C50111,42.364693,23.456921,2148
C50112,-13.348404,22.637564,2290
C50211,43.773331,23.741045,2106
C50212,36.058079,22.79505,2317
C50311,51.337093,32.690422,1106
C50312,1.0848647,30.716269,1293
C50411,-7.1350131,12.961578,7421
C50412,-17.813225,12.634013,8063
C50419,-3.8748245,57.723003,271
C50511,9.9606991,26.978323,1559
C50512,18.574442,26.780079,1676
C50811,108.6049,20.858974,2737
C50812,-81.034447,20.644716,2725
C50819,34.201908,75.750511,218
C50911,18.64855,9.554677,12300
C50912,61.01609,9.4264679,12582
C50919,7.3170214,8.0189228,17530
C519,-1.0472282,41.007309,689
C52,34.067253,62.293888,364
C539,14.364864,37.680538,798
C541,21.40448,14.266276,6625
C549,-1.020533,42.42588,639
C55,1.1576869,27.114384,1442
C561,19.348248,28.477057,1818
C562,15.957153,35.667408,874
C569,5.2055345,18.230558,4716
C5700,-84.766891,120.90492,122
C61,42.282883,5.0453386,51860
C641,37.18708,19.894533,2889
C642,36.684376,20.212925,2787
C649,-5.9109712,16.815876,3959
C651,165.7758,57.129063,323
C652,96.7528,67.859673,222
C661,-5.6186614,69.3936,232
C662,26.59988,65.411362,230
C670,-35.719231,32.104664,948
C671,-10.009635,38.986282,643
C672,1.0873889,21.599768,2127
C673,45.77494,52.85231,331
C674,33.670784,30.506485,1041
C675,.93718827,44.687206,468
C678,.78183717,20.824087,2360
C679,-9.0864429,9.9859943,11535
C689,-81.838242,44.32933,468
C711,-6.6546831,46.932335,678
C712,-3.7905788,54.72229,524
C713,-34.941689,69.239128,299
C718,49.836285,95.865379,109
C719,-47.963116,25.627312,2601
C73,1.6085758,14.74036,5277
C760,-.8706854,25.205133,1774
C770,41.854012,32.500549,889
C771,-102.83439,40.46611,541
C772,-58.13895,67.572426,184
C773,-13.370908,43.483707,464
C774,49.515244,91.359055,109
C779,182.39328,82.259109,161
C7800,63.653927,25.42178,1587
C7801,29.604849,31.019535,1019
C7802,223.15399,35.763309,727
C782,66.420273,52.233345,323
C784,147.1452,90.960503,109
C785,-146.96582,53.282104,310
C786,132.05389,28.760096,1192
C787,35.683167,16.94894,3541
C7889,172.73741,57.769855,269
C7931,140.07652,18.00572,3411
C7949,252.94536,68.121887,199
C7951,172.93428,11.573174,8758
C7989,20.675306,28.247736,1092
C799,162.68872,28.582695,1299
C7A00,18.04999,54.349937,474
C7A012,179.81017,72.346283,351
C7A019,121.32312,55.795517,502
C7A090,3.8201058,51.573151,441
C7A098,26.76096,67.975403,335
C7A1,5.6875911,55.856876,384
C7A8,27.90645,31.620008,1283
C7B02,.99230659,86.417206,145
C7B8,81.393761,88.857857,123
C800,172.45058,91.442688,148
C801,-10.087173,17.701981,3066
C8190,-156.0345,48.609806,475
C8200,47.623917,70.989235,208
C8218,76.810974,71.122879,256
C8280,-4.2333503,89.350769,127
C8290,-56.767239,30.795784,1109
C8298,-233.42255,112.48672,105
C8300,-87.226761,38.124596,744
C8308,598.33844,121.45686,110
C8310,107.90121,49.610401,545
C8318,-135.93965,92.121101,245
C8319,52.697052,82.181007,212
C8330,-5.6467786,22.57489,2297
C8331,-65.164734,44.441639,588
C8332,-47.776505,91.087372,138
C8333,85.306046,46.307518,580
C8338,204.92319,33.898376,1051
C8339,38.15387,33.668255,962
C8510,27.624859,30.981558,1085
C8580,40.347622,27.689003,1392
C8588,167.6196,85.603783,183
C8589,6.587019,37.872097,840
C8590,-17.014456,16.282707,3753
C8593,70.551224,92.200378,108
C8599,6.9796662,52.345955,374
C880,-9.467267,32.39658,1676
C884,189.46622,38.883915,868
C9000,528.42554,13.183912,13325
C9001,129.34727,26.151043,1837
C9002,452.02954,30.525316,1581
C9030,-324.48129,78.293465,158
C9100,429.60321,50.010944,622
C9110,88.11956,12.842571,9435
C9111,-33.111691,58.283768,279
C9112,-100.63182,76.69442,167
C9190,94.526772,27.440573,1324
C9200,217.58638,31.058876,1679
C9201,90.956924,42.813904,741
C9202,260.99759,70.727859,241
C9210,149.35153,29.424793,1831
C9310,59.333218,60.000023,505
C946,-10.01434,78.959732,150
D0359,-61.096527,62.894356,222
D0439,47.986996,16.794596,2943
D044,4.9777331,31.825212,865
D045,-4.2323799,37.242054,614
D0461,63.840435,36.123383,663
D0462,.79138899,34.035538,742
D0511,-2.8297837,21.921846,2119
D0512,-20.872591,21.323847,2218
D090,-20.491516,36.694771,679
D110,-.13534823,50.289619,343
D120,-6.9629192,14.171808,4196
D122,4.7632413,11.512889,6371
D123,-28.608515,12.523456,5379
D124,-7.9008079,18.8855,2302
D125,-22.246246,15.604933,3402
D126,-11.511234,16.644178,3025
D128,-27.744461,24.961777,1359
D132,-44.374191,62.527252,208
D136,117.23451,56.653294,252
D151,-45.739616,85.781197,117
D170,-20.482588,75.092827,150
D171,22.28302,29.157555,993
D1801,6.2593484,16.264374,3210
D225,6.7416158,9.0281649,10173
D229,-17.265041,21.868149,1806
D235,17.632608,18.740751,2451
D241,-35.929672,33.890739,740
D242,7.5101223,32.494892,807
D251,39.209763,38.014725,570
D259,-5.2216988,19.527237,2264
D270,14.189035,68.265663,180
D271,-7.9704552,68.426186,183
D320,1.1503646,23.472065,1723
D321,20.140551,94.499786,111
D329,-6.2591166,22.749027,1840
D333,-6.8395858,33.69569,855
D34,56.636406,36.965099,628
D351,34.827202,40.557571,533
D352,-6.5680151,23.342108,1853
D3A00,-98.082314,76.696205,227
D3A8,58.14175,54.724663,331
D414,-70.433739,79.827919,119
D45,67.827423,22.484079,3352
D461,965.46906,67.677368,423
D4620,275.72031,42.55135,877
D4621,-54.554066,109.3225,156
D4622,976.24335,112.13911,165
D464,-276.38815,62.460022,314
D469,56.082001,16.948797,5752
D46A,-2.1238697,113.94176,195
D46C,423.09167,67.70163,340
D46Z,-42.406334,41.914898,776
D471,234.99628,39.84227,655
D472,-1.075037,11.137695,7963
D473,22.978081,16.765791,4892
D481,142.86649,42.427418,506
D485,9.4994917,5.1034117,33653
D490,60.023605,24.005529,1478
D492,-11.852639,12.513265,5317
D494,-8.8411465,25.207335,1381
D496,-.92994326,31.957382,944
D500,11.996408,8.5640545,13021
D508,14.945335,11.308969,7060
D509,12.418521,5.3529243,33559
D510,7.4009266,16.373299,4422
D519,64.852409,20.028048,2770
D539,27.72691,15.662157,3569
D5700,-167.13606,42.948742,1310
D571,107.36306,39.52367,1395
D591,-61.179691,39.529026,873
D599,-21.836935,70.046852,191
D61810,-199.07677,45.161324,408
D61818,46.278069,17.011778,3346
D619,-136.01088,73.361694,205
D62,-33.308533,13.087302,4951
D631,23.908991,11.756501,7873
D638,.3689782,18.036739,2808
D6481,51.098801,29.026327,1122
D6489,46.93988,18.648487,2455
D649,15.388286,3.3313584,84477
D66,-7.8006506,84.732407,199
D682,64.617447,101.5846,139
D6832,14.539598,38.476864,555
D689,8.7420044,18.915485,3076
D693,33.120415,21.03087,3507
D6959,-111.51122,35.692909,715
D696,-5.7556343,9.9807291,9500
D701,-10.650045,26.831184,1315
D702,263.52548,64.148003,243
D709,-34.128551,21.167225,2114
D721,42.011253,86.254013,129
D72819,24.299484,17.454535,2926
D72829,-29.862968,9.812789,8939
D735,182.61845,89.5224,109
D751,-29.838493,16.879124,4314
D7581,804.70667,54.723251,428
D759,-39.700409,80.862473,122
D801,35.541733,21.328169,3395
D803,41.181442,50.98167,536
D830,1.9185482,66.776985,514
D838,-142.84779,59.597744,645
D839,-149.73856,32.571823,3388
D860,-78.535393,40.843929,630
D869,66.02774,25.240753,1731
E032,-.63807005,76.422394,136
E038,19.959126,9.8358068,9375
E039,9.6786089,3.1791925,91139
E041,6.6708584,8.4051428,12483
E042,-1.9113455,7.9943571,14018
E049,16.887527,18.10454,2555
E0500,10.751497,27.387707,1409
E0520,25.803816,50.329018,392
E0590,9.5975561,12.860566,5948
E063,6.6695757,28.856474,1162
E1010,-72.697792,30.209791,1111
E1022,61.264889,27.871405,1454
E1040,28.870726,43.629967,479
E1043,74.716766,49.340157,396
E1051,53.577305,53.505116,317
E10621,3.8545511,34.32653,905
E10649,4.8458438,28.023621,1297
E1065,21.914492,10.251699,14865
E1069,78.922516,24.273556,1881
E108,22.706799,27.015938,1568
E109,19.984877,6.695097,30439
E1100,38.221249,19.044781,2767
E1101,-11.268176,84.464363,127
E1110,44.060661,36.019768,663
E1121,29.132288,8.3412399,15131
E1122,37.712337,5.816431,31537
E1129,26.836098,8.9243841,14420
E11311,-11.868254,34.073593,918
E11319,100.82867,26.883785,1309
E11321,4.0842061,58.386898,234
E113211,91.576851,51.681728,410
E113213,26.086182,32.428642,1003
E113293,13.833125,16.269056,3219
E11331,-67.182686,54.514427,281
E113311,46.444607,37.499985,771
E113312,-8.6876507,49.547424,463
E113313,21.097542,27.111208,1540
E113411,-81.533058,67.925598,237
E113413,8.6567717,40.674194,744
E11351,-19.250309,45.383667,437
E113511,13.720515,33.891422,951
E113512,15.784681,37.806244,716
E113513,-22.487045,24.547531,1951
E11359,-37.11697,40.891945,488
E113593,-50.817688,31.634968,930
E1136,33.338634,24.525476,1443
E1140,34.660183,5.6763425,31745
E1142,36.436127,5.5564961,33328
E1143,43.040062,18.478828,2750
E1149,12.224921,10.661266,9159
E1151,17.254232,8.6940918,12935
E1152,-32.296825,23.289627,1703
E1159,28.132759,10.464342,8996
E11610,11.2142,29.019789,1117
E11621,29.590982,8.8291788,15141
E11622,26.247463,16.671021,3536
E11628,38.95573,26.732542,1230
E11649,37.775448,13.249053,5024
E1165,46.854698,3.2373135,106883
E1169,24.970993,8.3718109,14046
E118,69.199318,6.3638468,26096
E119,31.068356,1.8719243,330092
E1310,-83.718742,33.970844,806
E139,4.0989718,16.825075,3531
E162,4.3580623,16.037182,3337
E210,.074979246,18.592686,2680
E213,26.013468,15.422632,3711
E220,-923.28333,117.11697,176
E222,-19.566906,27.225151,1188
E2740,26.612831,29.881624,958
E279,181.95259,56.83947,243
E291,5.674736,9.3911877,16808
E340,103.08721,56.950008,623
E43,40.145523,28.910967,1228
E440,52.041416,78.046211,134
E46,-23.855848,21.604225,2024
E512,52.312031,96.153931,129
E538,7.4907546,6.9490323,25637
E559,14.069298,4.0820951,52013
E6601,25.899443,10.220542,9343
E662,-9.7739115,38.963348,764
E669,25.225691,11.663825,6763
E7521,-51.956207,164.6089,186
E7522,-5.119431,401.40765,107
E780,-.072333202,10.135311,7804
E7800,13.780648,4.8118277,39625
E781,24.281027,19.09486,2499
E782,16.210461,3.855438,62026
E784,12.496829,8.085063,14083
E7849,11.348572,23.680849,1458
E785,8.4290142,2.8159251,113585
E8342,75.213593,15.681671,3614
E8351,-26.390198,22.421904,1673
E8352,10.304985,11.534754,6608
E840,259.25803,70.618904,643
E854,143.68994,44.770241,489
E8581,55.988724,92.164528,206
E859,-325.8605,56.607937,344
E860,-14.723599,7.3057961,16239
E861,-76.676712,55.280327,257
E869,-61.696899,29.15711,971
E870,-9.0775299,20.885859,1968
E871,3.3291221,7.7130718,15137
E872,-85.122627,22.54229,1642
E875,4.0024247,8.1819582,12523
E876,20.671062,7.4810348,15152
E8770,-48.883781,18.603727,2353
E8779,-60.291931,44.089291,409
E878,-44.92939,48.685757,331
E8801,287.08026,54.791683,842
E8809,-73.460022,41.460911,486
E890,29.016972,13.044923,5564
F0150,20.0089,14.926436,4660
F0151,7.6364269,16.469013,4202
F0280,14.412618,14.809649,4899
F0281,16.210358,14.134431,5932
F0390,5.7719932,5.630538,35694
F0391,10.968874,9.9196568,11486
F05,-62.350243,18.191463,2716
F0630,-41.315281,35.105492,1006
F0631,-1.6038611,40.172699,852
F068,-58.538139,31.558113,1011
F0781,20.763702,30.891325,948
F09,45.542015,39.465912,565
F1010,17.096493,20.015911,2389
F10120,8.3288937,75.657951,153
F10129,-32.346668,22.217384,1950
F1020,-18.707378,18.30764,3382
F10229,62.907818,40.527214,539
F10230,-34.811935,42.882679,498
F10231,-74.031319,47.318043,398
F10239,-29.820978,25.779285,1441
F1120,30.960308,11.437366,11602
F1123,1.8728983,29.01786,1062
F1420,-193.30687,68.852844,230
F1520,23.167761,75.953972,208
F1920,-147.72829,29.690987,1246
F200,22.610373,12.49975,11888
F201,-56.41518,42.746181,735
F202,-68.791389,73.56636,199
F203,42.842274,30.27779,1545
F205,21.683777,46.114758,782
F2089,35.139896,32.645412,1136
F209,13.405867,10.173656,17438
F22,28.473349,22.177126,2117
F23,-43.247276,23.919426,1535
F250,47.852249,10.898205,15393
F251,24.596237,15.941716,6606
F258,17.8445,37.229855,950
F259,14.965659,11.47387,11065
F28,-32.017651,52.597874,466
F29,7.5561886,12.111454,7391
F310,-68.326591,57.962234,341
F3110,-53.079353,35.938778,874
F3112,-34.038788,38.429211,941
F3113,51.329243,39.252789,917
F312,5.584229,24.037346,2406
F3130,-29.755756,23.246473,2150
F3132,8.6153116,17.860722,4603
F314,58.73946,20.662716,3047
F315,-22.514532,23.497557,2344
F3160,-1.3898858,28.395506,1513
F3162,1.8133389,36.606339,1018
F3163,208.97131,38.745991,817
F3164,26.639347,33.298473,1093
F3181,9.4899282,14.606731,7362
F3189,33.96899,41.064625,797
F319,19.593052,8.8308287,16674
F320,-56.289879,28.473471,1595
F321,6.9440541,13.875691,6579
F322,43.808182,19.634998,3119
F323,-57.266747,29.112484,1399
F328,-48.135258,47.890511,378
F3289,31.316002,26.940327,1401
F329,4.6920719,5.7869239,30636
F330,47.295673,11.457983,9397
F331,27.138668,6.2564545,35146
F332,32.031017,8.3458195,20294
F333,2.0070093,14.664977,6451
F3341,5.3018713,17.659948,3645
F338,-11.436701,85.747452,118
F339,29.001257,10.909902,9555
F341,28.499826,13.021121,9201
F39,31.949718,15.43341,4600
F410,11.660431,16.698341,4066
F411,17.512768,6.3775487,30183
F418,-3.405045,12.735612,5628
F419,5.4374537,5.5039701,31723
F42,14.808848,52.256542,356
F422,-387.66824,82.989098,143
F429,-24.910471,64.251961,241
F4310,58.103935,13.108679,8373
F4312,11.678009,20.307215,3826
F4320,1.4363772,21.114021,2267
F4321,-32.560947,14.281838,5751
F4322,-.1657622,20.551891,2772
F4323,-10.384157,11.479561,10600
F4325,31.232866,42.897892,652
F445,6.3408117,38.856583,638
F603,78.177803,32.875843,1182
F6381,62.220287,43.008015,753
F840,74.947983,44.653427,1027
F918,4.6402054,53.187057,273
F99,-65.490257,39.635441,582
G039,-41.589958,71.282455,169
G0490,-284.17188,72.18074,212
G060,-66.507591,81.9216,158
G061,291.95569,52.850563,349
G062,37.327282,88.052849,130
G10,-133.4044,58.739582,705
G1221,289.23575,31.610378,2814
G14,-29.682108,48.968525,586
G20,34.80814,6.735023,31601
G231,21.099068,77.120781,169
G243,39.813725,26.46586,1601
G245,-30.641556,48.48381,511
G250,2.4292262,13.784185,4865
G253,-33.155472,39.642159,525
G2581,-9.2230301,14.479691,4052
G2582,-488.14587,111.02242,121
G259,42.022186,73.063026,178
G300,35.963219,24.36113,1908
G301,6.5813875,10.871272,9240
G308,15.278019,23.020695,2068
G309,14.640548,7.6289616,21473
G3109,-9.6901197,38.628654,706
G3183,29.688446,24.23337,1979
G3184,-14.281734,11.145261,7238
G319,-6.4433684,15.728196,3377
G35,119.12576,10.6705,17826
G360,-33.761433,78.425064,300
G373,-22.294134,66.157799,248
G40109,-22.524376,27.301651,1223
G40119,-22.95406,62.115112,263
G40201,-11.468723,74.787476,181
G40209,36.459782,17.468887,3108
G40211,394.56894,98.796509,108
G40219,-72.720009,26.202557,1613
G40309,-48.339218,24.883343,1571
G40401,152.37946,89.008263,127
G40409,16.821743,25.929506,1364
G40802,-83.136612,69.397568,178
G4089,26.447805,19.603565,2399
G40901,-23.754293,30.068899,1036
G40909,-8.8735132,8.9664869,12736
G40911,162.00327,81.680946,132
G40919,118.23576,35.750298,704
G43009,-.6760726,30.231792,1005
G43109,23.210754,22.305174,1687
G43709,26.826019,19.874376,2486
G43711,-19.872786,68.704918,237
G43719,63.103916,22.285215,2079
G43909,10.765465,13.030357,5395
G44209,-50.020657,37.052505,632
G450,.19875117,43.925636,439
G454,2.3817339,42.133995,490
G458,15.057926,24.301918,1411
G459,12.887224,8.0357218,14430
G4700,-3.7025731,8.7901087,11097
G4710,45.166214,19.407158,2180
G4730,18.917833,10.80197,8029
G4731,52.287525,12.39602,10135
G4733,9.7977428,2.5026257,229862
G4737,-65.010796,31.654367,1217
G500,18.51338,19.087673,2789
G510,-9.5034676,25.631306,1488
G5601,10.82912,9.8999662,8862
G5602,7.8865519,12.265193,5746
G5603,.7013523,14.960587,3826
G5621,-3.4237986,36.55146,659
G5622,-19.953461,27.400085,1135
G603,57.698833,18.843632,2594
G608,-35.966282,26.361795,1317
G609,-5.3671703,13.189069,5109
G610,25.563595,45.313328,682
G6181,209.54527,33.046024,2157
G6182,-136.83194,122.55377,132
G620,244.5585,64.956642,190
G6281,91.387863,75.690392,149
G6289,-45.345131,31.635641,819
G629,19.783115,8.5271044,11923
G7000,96.705894,23.861433,2488
G7001,172.30547,48.053589,561
G710,-13.207597,45.140488,867
G720,-149.21562,69.740326,176
G7281,13.547503,31.460621,959
G7289,-4.4700665,33.640228,786
G729,-63.799892,31.884596,910
G800,7.9879866,35.23056,1169
G801,23.567284,61.963657,311
G808,10.78019,45.994308,548
G809,1.940595,17.167198,5882
G8111,75.344063,45.089256,534
G8114,34.875774,41.847607,634
G8190,25.191498,53.037498,402
G8191,65.542625,28.927782,1300
G8194,-33.001453,27.935284,1401
G8220,-29.935537,18.482265,4274
G8221,75.250259,61.500935,271
G8222,15.19069,53.514297,400
G8250,-54.765667,20.005602,3651
G8252,-76.627151,70.032303,239
G8253,75.306976,81.386002,200
G8254,6.7257481,45.621292,531
G834,-17.491251,51.332214,562
G8911,36.113602,24.955574,1346
G8918,11.047561,10.987796,6705
G8928,-100.67503,42.072948,592
G8929,11.876154,5.7999139,30459
G893,79.196335,20.894062,2324
G894,6.0473657,5.9174976,32798
G9009,-134.10825,39.324966,557
G903,-10.481855,59.357475,254
G90522,124.32114,83.263306,161
G910,48.6768,57.622871,281
G912,5.511982,24.878294,1652
G919,-18.146587,32.797813,844
G92,11.683337,20.795681,2018
G931,-38.215111,34.532104,1116
G932,-25.821362,91.800598,102
G9340,-50.349171,10.830142,8324
G9341,-9.6030912,13.345375,5158
G9349,27.183399,28.743824,1086
G936,-216.2234,69.521591,164
G9389,-3.8622034,13.756329,4373
G939,91.428131,22.982098,1686
G9520,-124.7764,84.03022,129
G9589,-10.080009,63.439499,224
G959,38.476444,26.19676,1313
G960,-3.9867177,81.856697,137
H02403,71.358368,27.617016,1105
H02413,-28.98686,50.728504,340
H02423,53.46769,46.480412,421
H02831,-19.806341,17.612904,2823
H02834,4.9469466,35.229301,673
H04123,35.635197,6.3141556,21222
H1045,29.171751,24.656418,1462
H16223,42.231556,16.378746,3317
H1851,25.889935,18.393288,2668
H25011,39.023655,22.607704,1656
H25012,-1.729161,22.990328,1593
H25013,8.4735889,18.043898,2785
H25041,98.486916,39.439091,554
H25042,46.682003,49.965408,348
H2511,31.287544,6.6755762,20700
H2512,37.817158,6.7511206,20163
H2513,22.045584,4.4251118,42960
H25811,32.242886,10.073502,8824
H25812,37.157143,10.07836,8784
H25813,11.70473,7.4615431,15304
H2589,18.535082,22.29097,1747
H259,14.956762,17.131138,2890
H26491,2.2942371,10.915998,6930
H26492,-3.5511158,11.064091,6783
H26493,14.688196,11.063607,6786
H268,9.366785,26.223932,1244
H269,25.425976,9.2752647,10828
H33021,.93937266,67.784409,207
H34811,-52.570461,75.655952,160
H348110,13.941948,32.100048,1486
H348120,15.444387,33.706238,1221
H348310,2.4625204,27.480778,1805
H348320,18.674051,27.786554,1848
H35033,10.268111,24.915234,1409
H3530,9.9464445,28.784084,1087
H3531,-19.388632,16.970823,2683
H353111,8.7695065,33.033764,824
H353112,10.115236,23.339441,1804
H353122,15.960513,37.882137,714
H353130,-21.064604,27.365337,1169
H353131,3.5246558,10.175855,8164
H353132,4.6566353,12.032384,6204
H3532,7.0508804,14.773928,4453
H353210,-8.4901981,39.269272,770
H353211,.4832533,10.604477,13414
H353212,-11.220211,22.912176,1917
H353213,39.40398,48.841339,409
H353220,12.674075,41.713993,652
H353221,6.3028116,11.255887,11138
H353222,4.9000688,26.862263,1392
H353230,21.893185,35.666889,888
H353231,-.27370426,14.938439,6729
H353232,7.7905254,35.31377,810
H353290,8.1208029,69.631523,223
H35341,-14.35769,27.115843,1267
H35342,-.23522373,28.149628,1181
H35363,-2.783371,21.020926,1971
H35371,11.109203,14.774252,4038
H35372,4.910594,15.077242,3882
H35373,45.9175,16.548153,3216
H3552,56.233456,79.426613,163
H3581,-14.185203,25.648594,1561
H40003,14.232866,10.801812,7706
H40013,13.476488,7.5153909,15662
H40023,12.157474,19.227333,2614
H40033,40.395645,25.377481,1491
H40053,2.3901699,17.196394,3365
H401111,18.58556,19.166031,2552
H401112,14.907747,19.019743,2594
H401113,75.011215,20.740662,2268
H401121,32.51749,26.572346,1268
H401122,-6.7060013,22.569073,1856
H401123,-25.770905,24.26158,1602
H401131,33.985188,8.0049372,15243
H401132,24.532137,8.4030933,14020
H401133,26.825048,11.412457,8270
H4011X0,-.30738866,39.619751,506
H4011X1,29.20656,19.750734,2026
H4011X2,-11.714438,18.664278,2307
H4011X3,-29.398518,22.953985,1565
H409,32.216972,24.11903,1517
H4311,-9.4582586,34.704109,740
H4312,4.7793884,32.417271,854
H43391,18.018204,42.094868,520
H43393,-3.120877,23.024786,1658
H43811,-8.7379589,22.664482,1770
H43812,-6.0056338,24.78688,1484
H43813,19.787636,11.241992,6599
H532,-12.444784,16.699751,3062
H538,34.87075,15.250989,3568
H539,5.8538122,47.872879,349
H6121,15.955572,20.112877,2112
H6123,18.194159,6.9789481,17595
H8110,-.67131305,13.969001,4363
H8111,-24.827063,36.350063,701
H8113,-44.910954,50.93206,311
H81399,-15.307627,30.39835,913
H903,4.2052865,6.230155,21850
H905,6.0832562,14.746688,3829
H906,-26.677639,34.41172,748
I050,29.427574,42.513977,482
I052,62.143871,73.425743,154
I059,-14.794522,29.223942,1024
I060,-19.997742,71.267311,159
I071,6.2748628,22.495234,1564
I080,-6.5888367,19.148687,2219
I081,-.33022529,17.378901,2621
I082,63.152248,47.977673,353
I083,2.5690494,16.892788,2801
I10,10.371179,1.4740151,469838
I110,19.398464,7.0279689,18071
I119,19.376368,7.8509946,16323
I120,-15.612886,10.142197,10728
I129,7.6129866,5.4443254,31984
I130,9.9247179,8.0378418,13836
I1310,5.83884,22.035347,1853
I1311,102.7131,45.889725,395
I132,14.658853,15.472067,3548
I160,-7.7870936,14.980538,3812
I161,-47.732269,26.307072,1234
I169,108.0436,45.754211,418
I200,23.633373,14.553313,4066
I208,5.0906739,14.570094,3972
I209,-9.7735653,10.481481,7846
I2102,24.23012,40.842663,591
I2109,22.559774,29.468008,1204
I2111,25.971813,44.155376,517
I2119,29.598782,26.173723,1422
I2121,-53.932842,79.999123,144
I2129,-3.9087229,42.622433,515
I213,-11.994528,17.10833,3572
I214,3.7379611,7.885603,15553
I219,24.488201,37.222103,640
I21A1,62.305367,43.547546,414
I222,138.27983,55.614357,293
I248,-71.570251,41.530251,486
I249,8.1375084,23.300703,1582
I2510,12.832618,2.7058418,132679
I25110,10.662704,10.635362,7900
I25111,-17.576279,48.29417,373
I25118,7.886663,10.549191,7865
I25119,13.473855,9.4027491,9899
I252,-7.8190527,14.780119,4182
I255,4.230299,9.4392452,10870
I25709,-26.2055,84.411858,113
I25710,-44.852646,64.297745,194
I25719,40.726967,92.099297,100
I25810,19.670488,12.976772,5296
I259,-11.407097,13.155474,5640
I2602,3.1700063,74.900482,167
I2609,-.33048159,31.762142,1072
I2692,75.494164,44.973541,450
I2699,35.598568,8.5668726,17742
I270,74.495247,17.82234,5512
I272,-18.467093,15.73859,3800
I2720,41.360909,16.337538,3377
I2721,224.20551,40.397308,611
I2729,13.437429,56.85297,362
I2782,-101.07854,63.736835,258
I309,-30.110205,53.942478,314
I313,-12.677049,19.047661,2364
I319,144.68333,42.717777,495
I330,-70.361572,35.053223,740
I340,10.144978,6.9932265,17377
I341,-2.507694,23.17152,1599
I342,-.29018074,46.940948,388
I348,9.7766752,39.669876,519
I350,3.5706577,6.8990183,20216
I351,-3.1038747,11.255004,6692
I352,-6.9416213,23.893467,1472
I358,22.881195,18.518673,2448
I359,-15.065105,17.651503,3045
I361,-21.455555,15.253367,3437
I38,4.0930805,23.619238,1587
I420,6.836926,11.558889,7336
I421,21.984337,33.688251,856
I422,1.2034668,32.423702,883
I425,22.300367,92.513176,113
I428,10.357183,13.462432,5021
I429,11.255898,8.6200247,12389
I440,-12.869478,14.932442,3657
I441,1.6273357,19.016003,2578
I442,1.2018896,11.789336,7026
I4430,41.232162,56.215351,257
I447,-5.2598748,17.012623,2894
I4510,-6.7813044,17.480968,2752
I452,-21.010614,36.06031,630
I455,-32.943069,64.724678,207
I4581,-71.313431,53.09277,277
I469,-81.904602,13.703389,5419
I471,-2.1186004,9.6829748,9532
I472,3.5812926,10.767817,8130
I480,25.977631,3.8538363,73520
I481,25.130989,7.7392211,16471
I4811,10.151945,64.07325,181
I4819,42.211807,31.223129,802
I482,12.599233,5.0133719,48855
I4820,32.873909,22.901421,1455
I4821,60.08252,41.575932,436
I483,28.093519,18.048849,2845
I484,-9.7849817,25.387264,1407
I4891,8.035675,3.3296418,113703
I4892,29.563353,10.432056,9231
I4901,27.234814,30.40521,1104
I491,-33.893307,16.813866,2913
I493,24.515364,10.569231,7669
I495,2.0182025,7.0957446,19030
I498,-22.24287,13.475625,4641
I499,-29.005259,8.5228529,11650
I501,-.66968113,22.437168,1824
I5020,.99293768,12.629208,6540
I5021,-20.88644,14.87231,4310
I5022,4.5918274,7.2474461,20144
I5023,-9.657649,10.733097,8346
I5030,2.0647795,11.672752,6880
I5031,11.018364,15.581409,3804
I5032,10.79972,8.0894938,14995
I5033,-3.9004173,10.174448,9075
I5040,9.6794748,22.878429,2030
I5041,-18.011969,27.513613,1145
I5042,13.32156,13.432101,5607
I5043,.18435657,15.024056,4105
I509,9.3197718,4.0215402,79991
I517,.80930156,6.7183928,18459
I5181,-55.418091,39.424011,567
I519,3.6576614,15.7711,3347
I608,-49.254829,80.318222,172
I609,-41.028881,27.449636,1431
I610,-41.879356,49.12685,405
I611,-43.274254,44.632103,490
I613,2.9164615,80.445267,153
I614,-13.482984,64.41291,240
I615,3.1027474,44.322289,509
I618,-14.065806,39.241104,672
I619,3.4494355,21.822624,2355
I6200,-34.223808,21.014696,2586
I6201,4.2620625,40.399811,617
I6202,-58.102993,61.514523,254
I6203,-1.7841259,46.625992,423
I629,-26.652065,24.860535,1699
I6302,-7.6398983,102.74027,104
I63031,-1.2235702,87.926216,139
I6310,1.6895833,63.585339,207
I63231,-57.130489,49.725262,361
I63232,-8.4690962,50.87537,334
I63233,-41.476913,72.128738,150
I6330,40.542923,37.168976,708
I63311,-20.838907,43.440079,502
I63312,-14.439768,42.160461,552
I6340,5.238749,26.651134,1488
I63411,-15.7504,31.952366,996
I63412,-29.863937,28.827456,1224
I63431,-18.157526,76.465683,146
I63432,-14.102325,73.468742,179
I6349,-33.012455,61.62635,238
I6350,-.32287875,16.500832,4273
I63511,-37.155819,28.957039,1185
I63512,-17.198135,26.805819,1396
I63522,555.75665,84.22184,128
I63531,72.905525,63.602108,233
I63532,-20.894211,59.854958,257
I63541,47.378056,91.680061,118
I6359,-15.505317,95.305649,100
I638,-51.033493,18.145088,2924
I6381,-6.6361318,45.787045,411
I6389,22.364069,31.978779,822
I639,2.0273907,5.8927588,33793
I6521,6.2394371,13.224985,4886
I6522,-30.53927,13.392309,4724
I6523,-3.5091918,5.718657,26046
I6529,12.793284,11.757131,6044
I671,4.7997398,19.172512,2562
I672,-46.071754,26.664322,1215
I674,-73.063416,42.958538,450
I6782,-9.2296972,16.126448,3124
I6783,14.552074,88.724098,106
I6789,6.1458645,11.019303,9589
I679,7.0018826,17.233845,3448
I69151,15.913089,60.555367,287
I69154,-40.371571,62.987141,238
I69251,-.86511827,99.830025,112
I69254,13.70248,87.593094,132
I6930,37.540676,24.975883,1636
I6931,-1.8270262,87.299286,116
I69318,-47.317093,77.78524,139
I69319,54.145847,72.525055,190
I69320,-3.1924462,29.516254,1151
I69322,-35.666679,50.532562,366
I69351,15.796247,15.561667,4753
I69352,1.569406,45.087902,520
I69353,52.526241,79.114761,165
I69354,5.4954648,15.007049,5010
I69359,10.649727,31.928741,1211
I69391,-80.391907,31.159529,1039
I69392,52.83979,87.963303,107
I69393,180.00224,52.21217,344
I69398,12.454486,22.65818,1917
I69851,-31.293201,68.977921,219
I69854,-21.062622,98.288918,114
I69898,22.919458,43.407204,598
I6990,.76853919,25.16387,1910
I6991,5.0421352,81.653694,138
I69920,-38.115974,72.367416,188
I69951,12.566193,30.316935,1334
I69952,-37.19606,100.49004,112
I69954,17.71069,30.015224,1374
I69959,-23.77276,26.428003,1786
I69991,-33.170963,89.898987,158
I69998,34.93663,36.555592,971
I700,-4.1363177,13.83057,4241
I701,-3.9155862,24.207756,1434
I70201,-27.21944,29.160101,1003
I70202,-13.536834,33.361687,739
I70203,-3.9646747,10.74395,8751
I70209,3.0083354,27.215269,1275
I70211,-28.951895,21.180586,1846
I70212,69.444481,22.48296,1634
I70213,49.632713,10.336121,8239
I70218,-55.810162,77.54644,133
I70221,40.557137,36.056713,653
I70222,196.65622,37.382584,586
I70223,41.423965,25.161732,1378
I70232,-37.541943,97.046608,102
I70233,37.829853,67.890862,209
I70234,7.6479645,44.322544,469
I70235,64.518669,27.949286,1122
I70238,66.237244,67.137444,205
I70244,-12.009188,47.030327,383
I70245,-36.423702,31.440561,911
I70248,79.611847,55.857269,291
I7025,55.409439,74.067993,148
I70261,-111.13382,38.568798,590
I70262,-45.781635,39.562191,550
I70263,.086271912,74.354988,161
I70293,-20.694515,27.263784,1340
I708,-42.486427,33.687592,711
I7100,74.959908,92.009949,105
I7101,-4.7623229,44.508442,487
I7102,31.64341,75.476563,154
I7103,146.75131,80.265694,137
I712,17.22908,13.256783,5039
I713,-20.943909,53.443005,337
I714,2.6262202,8.5418758,13068
I716,33.901901,50.190224,367
I723,-14.013376,33.774017,761
I724,60.211555,31.47364,875
I728,-30.600231,40.191513,509
I7389,30.680017,12.540753,6133
I739,1.1336858,5.0158997,38331
I7409,-92.464699,69.649956,177
I742,-28.57284,57.307743,298
I743,.82784575,24.509571,1470
I745,-144.64743,51.73587,312
I749,2.2616506,53.932339,392
I770,-5.8025212,33.908485,699
I771,52.437656,20.844696,1855
I774,-1.5068876,69.748192,169
I776,.20702094,31.001225,973
I77810,67.04705,43.440231,424
I7789,-32.980083,62.12466,207
I779,-18.480204,25.00066,1337
I81,58.277412,46.364323,491
I82401,25.709114,20.208929,2387
I82402,98.308662,19.311148,2533
I82403,18.045235,28.443478,1215
I82409,32.492619,11.33653,9191
I82411,49.679882,26.334612,1260
I82412,24.377481,23.625229,1627
I82413,-152.73073,54.880898,274
I82422,117.78486,67.033737,201
I82431,17.332161,36.330517,641
I82432,9.3975353,35.056904,687
I824Z2,-6.8386807,43.703384,459
I82502,69.453262,84.473595,167
I82621,54.148067,56.387836,290
I82622,52.968426,45.805679,390
I83018,77.432243,71.128273,160
I83028,24.979359,44.935883,448
I8311,44.121307,22.274395,1792
I8312,-32.650692,32.183491,864
I83811,-12.240413,32.164867,851
I83812,23.374807,29.38909,1028
I83813,13.678769,19.268898,2349
I83891,-13.290905,27.09532,1241
I83892,-23.667786,26.766247,1276
I83893,-13.938346,18.292063,2605
I8500,126.89964,26.778267,1187
I8501,-38.276978,65.582458,195
I871,36.491051,28.342752,1016
I872,7.836555,7.4231381,16903
I87311,21.438501,25.251144,1628
I87312,-18.370756,25.457232,1642
I87313,41.936909,33.627769,921
I87331,-15.309512,47.815788,447
I87332,-9.2750311,41.85397,618
I87333,-35.432102,75.227112,157
I878,-17.535561,24.688719,1423
I890,21.488497,9.8809586,10391
I951,13.356331,11.472583,6457
I952,-32.962517,28.870689,951
I953,23.186079,61.246578,220
I9589,-66.473732,26.318859,1165
I959,-14.080739,9.2622061,9715
I96,-38.768414,20.806273,2292
I972,407.83423,64.089211,210
I9789,-83.834671,61.502586,208
I998,-48.446808,24.548235,1425
J00,21.390469,22.296272,1721
J0100,14.907956,8.7740526,10703
J0190,8.4627028,6.294332,20971
J020,-26.47533,30.086384,977
J029,9.2779026,7.2663064,15563
J069,5.6227441,4.5683928,39492
J09X1,32.825035,54.515839,285
J09X2,-23.205557,25.022875,1368
J1000,-75.130898,42.242901,466
J1008,-5.6684136,62.820263,209
J101,19.65061,13.691713,4565
J1100,51.320656,44.775913,431
J111,29.248945,13.230568,4812
J121,23.922819,70.132164,174
J1289,-62.372173,65.301796,242
J129,-65.981506,40.421242,616
J13,-37.477383,40.926197,524
J150,-32.265182,67.498779,181
J151,36.930656,39.362343,563
J15211,13.694986,68.887291,175
J15212,10.379147,45.767628,405
J154,63.82008,86.329796,117
J156,39.256912,31.113203,837
J157,-98.218903,74.487228,154
J158,-28.637766,36.813,662
J159,-34.935276,15.104264,3837
J168,-45.784615,30.63126,916
J180,17.275536,24.73908,1469
J181,3.0170171,9.6789703,9111
J188,23.86754,21.509098,1964
J189,-1.1892605,4.2649431,55940
J208,14.965377,14.118422,4170
J209,20.439657,4.7931066,36524
J301,25.572803,9.0935993,24791
J302,8.8212748,16.99781,3442
J3089,19.028152,12.02796,10387
J309,15.075974,7.9688745,14843
J310,17.879412,14.466877,3982
J320,2.284312,14.084795,4313
J321,7.8493733,30.413816,900
J322,-15.545021,29.56205,957
J324,-8.5622644,20.840828,2051
J328,-9.8642807,23.427765,1523
J329,15.011843,8.0101547,13084
J342,16.028265,17.031683,2868
J343,20.077663,39.740047,551
J3489,2.0659809,15.308293,3414
J3801,5.5557122,35.903065,705
J383,-4.2667379,28.552687,1104
J387,-70.101563,40.714363,526
J392,-17.421801,69.268311,187
J398,62.412704,38.574528,610
J40,9.4459257,6.1329989,23215
J410,25.462667,18.723539,3809
J42,26.537949,13.658797,6660
J431,2.162997,29.957169,1244
J432,14.075712,13.80042,5643
J439,.90473515,8.1082792,18567
J440,3.0260108,10.194754,9328
J441,9.7299414,4.4911628,58401
J449,28.015903,2.7979121,255702
J4520,13.944376,10.493011,10358
J4521,-14.924359,22.297146,2050
J4530,46.391033,18.426382,2963
J4540,71.107544,11.222437,8812
J4541,55.395363,18.111341,2995
J4550,55.364136,18.700731,4360
J4551,18.927292,31.930346,1031
J45901,27.023611,10.361425,9648
J45902,123.98223,62.706806,298
J45909,31.325356,5.8241324,35759
J45998,17.618021,12.57482,10679
J470,-46.069977,38.206383,667
J471,74.236526,24.71703,1942
J479,21.75544,11.274798,9896
J679,-21.302441,102.90407,121
J690,.79953474,10.73041,8197
J80,-35.298759,20.766848,2182
J810,21.583817,20.199928,2093
J811,2.891557,11.902965,6142
J82,14.205934,73.048584,200
J8410,1.4555343,11.526193,9359
J84112,295.53265,21.201647,3461
J84116,-122.76585,91.002426,121
J8489,10.510085,28.808765,1093
J849,-8.5830555,12.372489,7583
J851,44.808529,68.585182,194
J860,-50.678986,89.916779,114
J869,18.199306,42.255257,509
J90,-18.183004,6.0664773,27915
J910,111.32352,46.569897,490
J918,12.209569,28.984058,1246
J930,-79.548424,84.9813,158
J9311,192.97453,80.737747,135
J9383,-6.0115976,38.556797,642
J939,-23.44096,21.154249,2176
J942,-120.90296,55.902855,275
J948,-22.217758,35.227806,663
J9503,-16.972816,64.888382,208
J95811,-33.387741,38.112377,578
J95821,3.9781423,43.940304,443
J9589,38.507168,64.341431,200
J9600,-55.357891,11.1976,9455
J9601,-21.0221,7.9367428,16865
J9602,-10.513358,20.382107,2277
J9610,20.375198,13.866022,11914
J9611,8.5144367,13.641573,7138
J9612,92.003571,28.409288,2120
J9620,-21.940466,16.563393,4652
J9621,-42.572853,10.968659,8224
J9622,-39.885242,19.334187,2935
J9690,-59.579056,12.894921,7286
J9691,-54.506844,23.860439,1834
J9692,27.832148,45.821247,490
J9801,67.638893,24.48033,1424
J9809,-37.486839,62.728436,204
J9811,-2.7645972,6.9799447,17862
J984,-18.459358,8.1589537,13406
J986,-77.885544,72.974861,160
J988,-27.796232,52.487011,307
K047,44.012974,17.605829,2834
K1120,-31.786459,36.097408,658
K1121,45.621513,57.708797,263
K122,34.022102,36.343105,652
K208,-20.9876,31.160151,823
K209,-25.3801,17.418262,2666
K210,1.9001734,9.2876129,9700
K219,15.935532,4.3163095,46492
K220,-52.972919,32.580223,911
K2210,39.510139,27.406662,1089
K2211,49.052692,43.695797,447
K222,27.109575,12.356509,5826
K224,-14.202358,23.328905,1486
K225,-50.209942,43.955624,457
K226,133.35637,61.288677,220
K2270,30.3867,11.50832,6605
K228,-5.5392909,21.828474,1660
K250,-22.413191,43.280396,464
K254,26.066917,27.044151,1173
K255,-16.195223,82.668625,133
K259,9.718544,19.087992,2280
K260,23.169554,57.687157,265
K264,-46.568058,32.490723,832
K265,31.444296,77.872108,150
K269,3.9125874,31.828554,832
K279,-35.411987,47.536343,339
K284,29.054165,87.00824,106
K2900,6.8496299,16.336817,3034
K2901,-173.202,48.841919,347
K2950,4.8274159,10.44782,7512
K2960,41.32716,20.387062,1916
K2961,13.149165,73.323128,155
K2970,7.9085865,9.6118078,8949
K2971,-37.812611,36.203793,620
K2980,-14.367571,24.905083,1287
K30,30.358877,23.787718,1466
K311,27.565409,41.114952,533
K315,-44.802914,61.607899,238
K317,-25.083963,18.092789,2433
K31811,-21.370113,33.57304,726
K3182,12.149992,84.833115,109
K3184,25.581663,19.460464,2530
K3189,-13.707667,15.997952,3130
K319,3.356478,21.180315,1766
K352,100.71518,61.490715,273
K353,45.893902,57.385811,326
K3580,16.944643,36.071747,785
K4020,-41.04697,25.632875,1377
K4030,-14.962768,30.531418,962
K4031,-.54340196,66.819717,200
K4090,3.2366781,11.183949,7561
K4091,30.925409,32.488567,849
K4130,34.167648,86.723015,116
K420,29.819702,38.168453,613
K429,33.228432,17.9473,2729
K430,-8.9073,29.757135,986
K432,6.9550538,16.865963,3054
K433,-22.100342,73.888733,147
K435,158.25871,48.421059,345
K436,98.146172,33.675209,767
K439,-8.143714,15.509205,3574
K440,4.7488856,53.266594,293
K449,-14.651926,9.694068,8857
K460,-30.12413,56.648567,260
K469,.97410482,36.9137,583
K5000,18.647865,29.152151,1256
K50012,-4.5536637,57.826702,278
K50018,-146.98378,93.174355,114
K5010,-10.474718,29.660061,1200
K5080,48.599113,33.101677,1054
K50812,-45.184799,82.965858,137
K50819,-38.319065,71.041412,243
K5090,8.8652868,18.586985,3384
K50919,-64.444618,52.548969,342
K5100,22.467459,30.377705,1136
K5150,35.796898,59.049385,283
K5190,18.518055,20.150305,2705
K521,-12.985413,42.38105,441
K5289,74.781929,22.871357,1582
K529,16.679504,7.5241122,14887
K550,-50.906349,88.917862,117
K55039,-207.86667,71.854584,163
K55059,-172.12375,84.039856,119
K55069,97.75087,93.548439,106
K551,2.7734029,37.242493,615
K5521,33.25639,42.408924,440
K559,28.884752,27.570837,1145
K560,59.476131,51.004425,330
K562,-94.572327,42.330967,491
K5641,-12.274428,22.020227,1678
K565,23.916409,33.523186,805
K5650,-45.185658,41.650883,479
K5651,60.966034,46.168152,383
K5660,-7.406074,19.42164,3007
K56600,18.207045,26.903509,1226
K56609,-8.1880989,19.443626,2554
K5669,-23.866409,21.287403,2502
K56690,-44.168686,45.052471,414
K56699,-49.10302,33.190464,808
K567,-25.083811,19.375145,2272
K5700,-44.025997,65.73703,192
K5720,29.168051,25.888878,1470
K5721,-119.29125,95.665451,101
K5730,1.4402781,7.9980073,12901
K5731,18.465532,23.723698,1529
K5732,-18.005226,12.430679,5939
K5733,-86.579002,44.992157,413
K5780,16.337337,45.251842,441
K5790,.67640132,15.829376,3251
K5791,99.102699,37.903725,580
K5792,42.205383,13.744851,4695
K580,53.959023,21.14654,1875
K589,31.198803,18.765047,2389
K5900,14.728917,5.827662,24648
K5901,16.256618,27.275553,1156
K5903,78.644676,30.906658,822
K5909,39.18581,14.41307,3892
K598,-106.31876,37.508472,597
K611,-72.480797,40.233173,554
K621,-20.130989,21.173033,1909
K623,-12.327104,33.592064,796
K625,-2.3055992,9.2595367,10003
K626,18.810028,56.436901,251
K627,55.69825,56.469139,277
K6289,-18.900007,18.336315,2472
K631,.051526807,35.069679,834
K632,-33.41898,36.472191,748
K633,14.705555,45.067112,404
K635,18.166958,9.1285896,10735
K6389,19.850246,15.476759,3462
K639,-22.010525,34.648914,695
K641,-2.6441884,34.280636,730
K642,-36.719513,50.088692,321
K644,8.6684952,22.855106,1574
K648,-19.364325,15.472978,3505
K649,-44.079445,17.938196,2541
K651,10.304805,27.870102,1165
K652,233.13568,60.009514,233
K659,3.3482432,46.056782,426
K660,.9276703,47.569515,353
K661,37.123737,49.278717,347
K668,-77.093819,52.850117,305
K7010,-60.22908,75.321983,161
K7030,-17.473299,22.556561,1950
K7031,7.1764593,23.983282,2094
K7040,384.70959,69.779121,189
K7200,62.452774,39.612572,575
K7210,180.98956,75.502426,161
K7290,124.98103,21.850023,2116
K743,198.84192,62.498226,208
K7460,-11.70386,10.18331,10062
K7469,-13.818788,18.012877,2837
K750,55.301586,47.585369,420
K7581,8.5097914,22.591026,1773
K760,-22.831188,10.460423,7628
K766,-39.997459,33.693459,718
K7689,27.448866,13.01585,4908
K769,-21.878414,16.030533,3332
K8000,-.089150362,23.686235,1726
K8001,37.970432,63.706165,211
K8010,-16.230766,17.024132,3103
K8012,1.2853016,30.471647,970
K8020,-12.457025,9.0834055,10954
K8042,86.049042,89.812363,106
K8050,5.9512715,20.837254,2119
K8051,-60.040203,44.32555,435
K8062,-26.782482,75.510147,154
K8064,2.9070342,84.312157,115
K8070,-28.562737,46.081165,407
K8080,-40.444553,84.654099,109
K810,-4.8310494,22.047295,2087
K811,31.408583,25.559412,1285
K812,-56.505104,51.669983,318
K819,-69.57225,25.014988,1482
K828,11.448335,20.932993,1885
K830,21.37228,36.539913,716
K831,13.471572,23.948732,1669
K838,-31.114283,19.908014,2144
K8500,3.072413,49.735867,350
K851,99.328781,71.901642,161
K8510,12.556328,33.989891,800
K8520,15.356914,51.79192,344
K8580,-50.548874,56.47097,266
K859,-54.278751,33.303841,759
K8590,5.0190125,16.919838,3365
K861,-52.457127,22.047281,2057
K862,-12.218105,17.610102,2812
K863,-10.790988,62.502663,233
K868,24.55372,57.625683,247
K8689,32.539631,24.029638,1482
K869,32.17366,23.967777,1549
K909,-1.8630925,69.43885,170
K912,83.489876,32.335819,1025
K913,.23142159,77.925949,138
K91840,28.035852,40.598358,495
K9189,-34.971474,32.081493,806
K920,25.948107,19.756899,2227
K921,-1.5260305,9.2725992,10165
K922,-11.623271,8.2887764,14736
K9409,-27.305243,51.582462,306
K9413,67.881111,45.768852,409
K9419,-60.341812,51.247086,315
K9422,-90.725212,59.64312,230
K9423,9.7176161,18.982933,2483
K9429,-1.4182824,34.58403,712
K9509,100.60415,89.434723,103
L0211,60.141468,41.243191,493
L02211,-21.4963,27.078068,1192
L02212,-15.493795,29.988794,972
L02214,-51.291485,46.913528,376
L02215,-25.728987,66.184471,184
L0231,40.797935,24.873877,1415
L02413,13.704288,51.383297,310
L02414,37.67765,45.580025,417
L02415,-47.896523,30.929092,916
L02416,-24.570724,32.46875,815
L02611,-44.222897,33.447418,746
L02612,-21.27841,30.11314,904
L0291,-2.7559726,30.190929,866
L03011,-18.392456,23.176657,1564
L03012,81.641411,30.605103,911
L03031,-3.4463313,14.502563,3988
L03032,6.4700751,15.73909,3348
L03113,-26.110415,18.116489,2546
L03114,53.918903,17.985626,2577
L03115,-.64421064,8.6779795,11689
L03116,7.5654378,8.4689159,12394
L03119,44.07505,14.915738,3944
L03211,1.0996674,22.065557,1722
L03213,124.96361,44.707951,431
L03311,-18.106625,28.081985,1050
L03313,27.635761,66.187645,182
L03314,128.15623,81.517014,118
L03317,4.11725,38.702015,576
L03818,40.358871,46.125496,400
L0390,12.744234,11.057214,6828
L089,-9.7851391,12.207424,5483
L120,69.136345,53.73251,406
L218,17.736031,20.977375,1970
L219,55.045639,22.348944,1755
L259,16.10194,20.434542,2113
L270,24.809166,28.554224,983
L299,-15.227962,13.691883,4418
L308,9.6923628,21.108393,1996
L309,11.003766,7.9805322,13280
L400,157.79836,14.073438,5652
L4050,91.309799,18.358448,3818
L4059,96.690475,27.895939,1792
L408,-80.998787,61.642014,212
L409,62.120113,18.107628,3015
L501,5.2761192,31.718821,1188
L508,-2.324086,70.244713,181
L509,30.738016,24.08934,1503
L570,6.2086439,4.107779,52184
L578,9.1725178,9.4585381,9573
L598,27.2054,47.171474,451
L600,8.042491,7.1373453,18080
L603,21.271271,14.758296,4682
L718,58.096886,22.912878,1736
L720,14.346156,11.474348,6258
L723,7.0130873,13.349614,4743
L732,-124.99414,49.238075,392
L7621,16.520882,83.077675,114
L7622,65.691589,55.031914,261
L7632,-.071521908,46.862026,359
L7634,-41.838253,64.210297,189
L7682,-156.49539,60.961864,213
L814,-1.8200927,8.7681179,10805
L820,-.20469497,6.9664907,17118
L821,7.7404213,4.9831967,33381
L84,6.3986802,9.7639599,10084
L851,-38.119057,23.73868,1869
L853,-1.7204201,17.440298,2883
L89150,43.869286,26.33357,1426
L89152,-4.0464258,21.658049,2085
L89153,20.06863,17.499426,3708
L89154,-16.05061,17.113001,4941
L89159,-30.864075,23.376514,1814
L89214,84.762085,53.496975,390
L89223,-77.280914,112.02396,103
L89224,229.56828,49.90395,474
L89309,-3.257947,48.348736,438
L89312,20.105665,59.808529,239
L89313,-26.932365,36.344448,836
L89314,23.80887,38.595222,843
L89323,50.31823,32.061829,1021
L89324,25.205803,37.780182,894
L89610,24.092026,51.194283,337
L89613,-20.04179,72.86927,182
L89614,68.285965,53.409744,370
L89620,51.060131,39.842762,606
L89623,83.038231,43.341175,535
L89624,154.74156,63.124855,230
L89893,-19.611088,24.86344,1513
L89894,46.570816,47.297974,455
L89899,-5.2988005,38.738262,617
L8990,28.420542,52.430153,364
L905,-24.018167,11.56536,6119
L97212,119.90366,76.960449,154
L97222,-21.303038,55.220238,339
L97312,-14.365897,70.508781,185
L97319,33.130375,88.637337,109
L97429,26.113575,66.100258,208
L97509,43.071686,24.684019,1487
L97511,-1.5674347,23.634804,1694
L97512,39.193863,18.204948,2928
L97519,-15.753493,20.692902,2063
L97521,21.801678,25.104765,1479
L97522,-24.389755,19.465813,2545
L97529,-4.0047288,21.221809,1983
L97812,49.407963,38.708061,562
L97819,-17.744141,82.180519,143
L97822,1.3815563,28.65049,1221
L97829,-30.002382,81.197014,118
L97909,6.521894,27.884668,1192
L97919,-1.3735194,31.894972,862
L97929,-5.8542113,31.410444,898
L98492,196.65541,61.328423,238
L98499,-18.313944,25.404417,1378
L988,-15.805472,21.648359,1765
L989,1.1570524,9.521801,9066
M009,50.68391,29.28928,1025
M0570,39.132622,68.780762,279
M05741,-110.37129,43.980366,585
M0579,61.506947,9.6881733,15876
M0589,118.82438,24.425272,2047
M059,14.373252,18.342909,3302
M0600,-12.963889,26.605846,1471
M0609,56.335335,13.67977,7478
M064,3.1296172,16.46913,3498
M0689,15.754215,26.450077,1796
M069,25.246277,8.1097937,17868
M1000,-6.0072994,45.767365,392
M10071,9.8286257,64.625015,192
M109,30.895346,8.7680273,11515
M12811,-18.663519,28.118378,1077
M12812,-39.491661,35.364582,674
M1288,-8.432229,26.120924,1293
M129,-6.7279062,16.633202,3356
M130,-18.550913,23.555878,1605
M150,-2.8226538,8.9452639,12671
M159,-.21769591,11.61085,7308
M160,15.989338,11.91081,5972
M1611,-2.6948531,7.800643,15428
M1612,-8.4894953,8.6725178,12412
M1651,9.2571592,85.776352,123
M1652,-31.609127,82.555504,129
M169,-21.965544,22.336472,1819
M170,12.26,5.4897199,31606
M1710,20.431728,20.727392,2168
M1711,3.4281766,4.4268718,48227
M1712,-2.1949809,4.7595315,41872
M1731,22.087778,44.197727,440
M1732,144.18602,48.398655,361
M179,-23.574749,9.6580496,9681
M1811,-19.784851,18.380779,2594
M1812,19.987204,19.014828,2386
M19011,-3.2895584,8.072937,13524
M19012,3.5283916,9.3018131,9997
M19031,17.711432,20.198812,2039
M19032,28.920044,31.366825,814
M19041,8.9341516,12.868901,5091
M19042,-.14555795,15.482674,3434
M19071,-3.2271285,11.067321,7012
M19072,-13.476882,12.338193,5552
M19171,-13.405441,80.231804,129
M1990,4.7157679,6.0674224,26508
M1991,27.218616,27.003721,1356
M1A9XX1,-21.542097,65.098129,198
M2011,14.810221,14.79847,4032
M2012,4.4140406,18.776085,2488
M2021,-17.047026,25.718966,1339
M2022,22.469103,32.21941,860
M2041,-14.336831,11.573232,6502
M2042,.67589229,16.04261,3309
M21371,-4.0244699,21.665703,1813
M21372,-12.225035,23.236601,1589
M2142,7.460567,87.32634,106
M21611,4.7731605,41.922573,501
M216X1,-30.144184,69.668015,164
M216X2,41.902958,53.126331,311
M23221,-54.923668,49.698929,342
M25461,-51.268047,15.181161,3552
M25462,4.0547838,16.347624,3067
M2550,-3.68436,8.9123726,10827
M25511,-4.1238341,4.8712101,39190
M25512,-.30439693,5.5119166,30349
M25519,33.236179,14.600348,4084
M25521,45.479897,17.554131,2772
M25522,-51.013424,26.35284,1293
M25531,13.346198,11.328105,6659
M25532,21.190397,11.994549,5886
M25551,1.2450024,5.288816,32153
M25552,3.0991566,5.9010754,25656
M25559,4.158041,12.945014,5168
M25561,1.8189479,4.4136462,46951
M25562,4.9848294,4.8744507,38375
M25569,12.19834,12.341616,5734
M25571,14.56508,9.0036125,10804
M25572,22.819035,9.6225586,9344
M272,93.064003,40.093578,575
M3130,-20.562832,44.320282,705
M316,16.40971,22.503237,2196
M317,-45.091389,89.710991,130
M3210,124.97498,46.839439,412
M3219,-16.815365,49.557793,407
M329,40.099987,17.080391,4053
M3320,6.5487194,64.504936,323
M3390,-162.26878,53.783108,513
M349,-23.530563,64.990982,214
M353,2.6546032,12.613917,6960
M359,48.514946,41.165672,617
M40204,-6.0155325,82.250137,120
M4125,35.380356,71.628189,205
M4126,6.4063582,46.782612,385
M4185,-78.07225,47.15501,353
M4186,.83416468,28.348671,990
M419,7.3317318,18.244558,2646
M4306,6.6269917,27.393871,1163
M4310,2.4464784,36.855778,591
M4312,-30.149717,32.558632,755
M4316,-4.3049111,10.85394,7369
M4317,13.211045,24.045177,1474
M4322,10.569104,33.956753,782
M4326,-28.385662,26.978029,1231
M450,151.97647,72.756706,306
M459,-189.33051,36.050175,955
M461,7.4472857,10.000569,9032
M4624,-270.58237,85.858681,127
M4626,245.05936,46.243156,433
M4628,99.152473,48.469425,403
M4646,-152.70697,44.407173,478
M4696,56.767822,45.125492,448
M4712,-9.1485033,18.938353,2540
M4714,-194.65736,77.991081,180
M4716,-8.7535305,27.844223,1120
M4722,-14.263018,15.846015,3490
M4726,12.527962,11.246406,6728
M4727,-10.434607,21.075727,2097
M47812,.64638525,7.5267663,15988
M47814,-44.924244,17.190823,2810
M47816,10.340275,5.4564786,30449
M47817,-.87291646,8.4289951,13329
M47892,3.0432692,18.028708,2643
M47896,12.496569,12.366199,5706
M47897,11.086424,30.763361,1026
M479,-40.472946,30.278803,933
M4800,-9.856638,17.12315,3296
M4802,7.1993666,9.3524313,10291
M4804,-109.08142,35.182022,694
M4805,88.100319,60.726208,222
M4806,-10.448474,6.3978033,22807
M48061,10.171293,8.2857256,12235
M48062,12.448941,10.304002,8094
M4807,-14.980967,15.326524,3751
M4854XA,-20.152281,21.675524,1794
M4854XD,82.28257,49.77417,362
M4856XA,-10.208908,20.099133,2064
M4856XD,8.7544327,52.674786,316
M5000,-19.875025,44.133572,524
M5001,1.1310747,51.956947,308
M50021,101.83218,73.0895,150
M50022,-40.604946,81.189003,141
M5010,33.113392,29.905649,999
M5011,-35.846638,40.798218,488
M5012,-53.901058,53.683968,280
M50121,-17.059366,46.971947,382
M50122,-28.402401,37.559277,599
M50123,42.391674,43.889545,436
M5020,-27.120253,33.414406,880
M5021,16.496153,40.706676,509
M5022,-32.324528,53.833351,266
M50222,92.669518,51.048744,324
M5030,2.329133,11.759721,6475
M5032,-53.4426,35.591347,616
M5104,-43.708157,87.936768,109
M5106,-40.119167,25.265881,1514
M5116,-4.2751846,8.4967127,12344
M5117,10.43283,17.252453,2932
M5124,-43.294609,42.305443,459
M5126,14.204094,8.248229,13256
M5127,18.585535,18.65658,2479
M5134,11.701744,45.948799,363
M5136,6.6896892,5.1389213,34911
M5137,4.3962259,10.83469,7787
M519,-11.519834,29.588667,1080
M532X6,-46.621628,90.824303,110
M532X7,-35.133305,43.383812,434
M533,-4.5943031,10.787703,7386
M5410,-4.4878716,34.32198,672
M5412,12.657719,7.6122365,16066
M5416,9.1948538,4.5082726,47332
M5417,-11.348901,9.5968122,10369
M542,3.7075131,4.2958097,51551
M5430,12.607332,18.195034,2648
M5431,-1.9080765,13.643331,4851
M5432,40.204254,14.881559,3968
M5440,25.000538,14.360027,4225
M5441,9.2774515,10.677575,7861
M5442,10.762418,10.456384,8131
M545,2.3224924,2.8153982,121982
M546,-10.992435,8.4116182,12381
M5481,20.063723,22.168488,1827
M5489,-32.889469,20.23432,2172
M549,3.02017,5.7293963,26507
M609,88.547585,85.748566,122
M6250,7.6634307,22.719618,1963
M6259,-20.982632,59.834583,249
M6281,3.364306,4.3694048,53913
M6282,-86.144783,23.379721,1875
M62830,38.679771,16.773289,3011
M62838,4.1052022,13.097733,5000
M6289,-51.12986,61.042168,233
M65311,23.541456,40.532391,551
M65331,-2.1784801,22.403208,1726
M65332,-30.032114,31.93527,855
M65341,-37.377804,37.130676,662
M65342,9.389328,45.40168,434
M654,8.7501373,21.969252,1822
M7021,14.124026,66.072624,178
M7022,1.4132019,66.459587,190
M7061,-2.10676,11.974086,6008
M7062,5.5639601,13.108206,4990
M7138,.28522432,51.50869,301
M720,9.5527821,21.023447,2256
M722,10.439844,8.7467613,12139
M726,-20.132507,54.252728,318
M7501,-34.382198,30.808582,1002
M7502,5.4693341,26.348061,1350
M75101,-.87132466,13.655238,4784
M75102,.31230128,16.612572,3269
M75111,-12.622355,19.381836,2339
M75112,35.847191,22.261305,1790
M75121,-22.417501,13.089128,5531
M75122,10.19091,16.699219,3379
M7521,26.660137,42.282524,508
M7541,-3.7836308,13.046233,5274
M7542,-18.685925,15.113957,3901
M7551,-15.931962,24.041645,1480
M7581,47.875877,34.707523,746
M7661,21.542616,23.907742,1674
M7662,19.270054,27.840145,1225
M76821,106.11935,54.398872,291
M76822,43.960205,59.998447,231
M791,11.720993,9.0879021,10792
M7910,19.208549,27.360027,1040
M7918,34.151165,25.645987,1210
M792,8.3388624,16.491163,3177
M793,-51.545918,71.093834,165
M79601,5.9604955,15.170236,3562
M79602,14.971128,14.935151,3691
M79604,21.302746,7.35078,15356
M79605,28.353855,8.3719969,11865
M79606,8.9480724,17.649826,2640
M79609,-18.151697,17.261976,2967
M79641,-9.348382,10.971363,6893
M79642,26.321838,13.076101,4879
M79661,15.086465,12.602428,5115
M79662,-20.476978,13.057482,4803
M79671,1.8494368,7.0058575,17630
M79672,10.601939,7.8714924,13709
M79674,-29.220247,18.744963,2651
M797,31.819971,10.175373,9784
M7981,-7.8666754,26.590572,1158
M7989,-2.2577546,6.1311498,21917
M799,-111.96168,43.833946,442
M8000XA,4.4825721,89.23996,100
M80051A,-47.325256,56.563469,267
M80051D,-38.884438,75.180908,193
M80052A,-90.754356,59.397324,250
M80052D,-37.734268,72.255493,172
M8008XA,-6.0133419,28.412867,1025
M8008XD,29.157503,84.951134,119
M8088XA,20.060163,37.378288,583
M810,13.74299,4.1735458,52546
M818,-10.484683,16.399376,3188
M84451A,41.970154,67.130585,196
M84452A,248.12527,80.130203,135
M84459A,-79.150322,77.508179,177
M8448XA,-81.757782,35.57835,666
M8458XA,-397.23776,68.157265,183
M8580,-4.9709044,8.7403622,11052
M8588,.98583019,12.084725,5572
M8589,16.815603,11.615634,6134
M86171,23.154791,26.101063,1354
M86172,58.24258,29.077202,1078
M8618,3.4184132,86.481812,112
M86671,-7.1456723,40.212975,559
M86672,45.334316,40.940697,520
M8668,-141.11562,57.816147,261
M868X7,63.499943,31.139713,888
M868X8,190.51851,57.145393,251
M869,65.040306,15.499932,4001
M87051,63.294811,50.222519,343
M87052,-47.328876,67.376839,192
M87851,-87.36499,74.63266,147
M879,-111.50836,71.627831,167
M899,-29.674244,12.084491,5585
M940,-9.5323725,22.126604,1651
M952,-91.198364,84.963257,126
M960,-12.432413,37.508766,593
M961,39.200752,9.6180296,12343
M96840,-58.109715,82.33197,113
M9701XA,8.0131311,63.150806,216
M9701XD,12.669803,64.593948,234
M9702XA,-71.480759,61.198013,238
M9702XD,27.877281,61.72979,273
M9901,2.604888,5.8824096,42749
M9902,-4.121232,10.46237,12076
M9903,-6.5268435,5.2826629,52182
M9904,15.04968,14.303936,6977
M9905,-18.698603,20.674871,3657
N10,44.378319,19.575361,2218
N12,22.623543,19.644464,2162
N131,14.028469,28.575953,1047
N132,-3.8172271,14.012326,4822
N1330,1.7220172,11.936407,6367
N1339,4.5518641,36.277645,648
N135,10.762869,26.093618,1300
N136,-28.434153,33.194569,752
N138,38.786663,85.839066,109
N139,-1.2112814,26.364592,1334
N170,-106.52151,17.93494,2756
N178,-7.7921247,21.760246,1852
N179,-16.438828,5.2542601,34691
N182,14.071441,11.20135,7078
N183,18.298677,3.931133,63560
N184,22.51746,6.8068395,23613
N185,10.256397,13.732472,5586
N186,23.661285,8.0813713,114376
N189,9.635808,6.6996698,20231
N19,2.6987522,14.346692,4386
N200,7.6973791,5.9869022,27268
N201,4.0340505,12.058757,6815
N202,-15.731961,20.588364,2072
N210,28.636282,23.609058,1539
N23,-25.318766,31.728493,836
N2581,64.539131,21.771788,1779
N281,-12.80756,7.7288117,13715
N2889,-16.077763,11.487092,6576
N289,8.2339211,9.2068281,9784
N3000,6.6307883,7.5986638,14243
N3001,16.235292,10.30755,7692
N3010,71.802444,26.577887,1448
N3020,9.8881054,18.328619,2584
N3041,-29.260092,52.440544,326
N3090,13.827647,14.553649,3830
N3091,15.865479,27.964346,1030
N312,30.033129,62.644585,265
N319,16.090635,12.253378,9082
N320,17.282228,22.201908,1806
N321,80.47039,54.528934,311
N3281,41.976395,11.856283,6140
N3289,-21.62533,18.433287,2384
N329,62.89629,31.90379,811
N359,-1.4366508,21.934414,1922
N35919,27.782785,68.971329,173
N3642,4.4682193,73.984657,160
N390,8.352354,2.7298458,124934
N393,-.39021897,13.921948,4819
N3941,17.861004,9.9272938,9247
N3946,22.914112,13.08192,5704
N400,-5.0166464,6.6541343,19919
N401,4.2472653,4.8224249,39605
N410,-37.62009,34.311958,690
N433,-13.235585,23.415174,1623
N451,95.61673,64.546272,204
N453,-36.232944,56.785507,267
N471,19.336721,39.590935,558
N492,36.236523,42.460796,485
N493,-76.26384,94.719124,107
N508,-45.405029,47.698055,356
N529,-20.079178,15.298428,3771
N611,-20.691254,53.274391,309
N62,-13.662517,25.362856,1308
N63,-26.801205,10.769677,7357
N6310,-29.016577,26.460815,1160
N6320,19.621597,26.50436,1143
N644,-10.664161,12.475254,5254
N6489,27.724117,14.514576,3959
N760,27.871069,15.208814,3540
N764,-31.59621,51.347347,311
N8110,20.677364,18.926746,2527
N8111,1.508504,20.069004,2298
N812,-1.7488365,24.607803,1625
N813,9.7716808,30.641716,1026
N814,-7.0999298,22.479599,1929
N816,15.196242,30.069807,940
N823,18.3832,62.919323,224
N8320,-9.8681564,43.789513,420
N83201,.2269012,42.499237,440
N83202,4.2566423,36.644878,624
N840,7.6140804,28.052832,1092
N898,33.804829,16.402147,3065
N920,-2.6751332,34.437717,742
N938,15.007127,51.344734,301
N939,42.162853,18.942488,2315
N950,-5.3050351,12.948389,5400
N951,11.30938,18.843367,2558
N952,13.122742,16.226419,3265
N993,9.8592453,29.797874,1037
N99820,-20.550293,71.551033,160
N9989,30.427277,49.698399,329
Q211,-18.215269,31.817179,892
Q231,41.450775,40.97068,526
Q253,10.901031,66.070946,184
Q2733,-69.370338,53.235054,281
R000,-19.283701,8.1966219,12578
R001,-4.7812119,6.9329567,17647
R002,12.855699,5.8239198,25605
R011,-22.040247,11.214413,6613
R030,-.93633544,11.520117,6668
R040,-8.9313364,10.207569,8224
R042,48.542099,16.887701,2906
R05,2.49402,3.188273,84243
R0600,1.397467,5.0108724,35259
R0602,2.2667899,3.0479789,105196
R0603,-48.464046,29.961519,880
R0609,10.914853,7.0365944,16853
R062,-.41525948,13.266573,4685
R0683,-32.523346,21.818501,1713
R0689,-14.564226,12.04432,6519
R069,1.2066761,29.276449,1028
R071,1.9933152,25.98181,1212
R072,-14.200163,9.0156012,10306
R0781,-6.3258767,9.9217739,8281
R0789,4.7931881,4.0628519,55488
R079,-1.9192194,3.1910045,95977
R0902,-5.0301347,6.394783,42492
R091,-21.741419,60.413513,217
R092,3.5617743,57.142017,291
R0981,4.7024231,23.663376,1508
R0989,-1.9919347,6.8122497,17555
R100,-25.944475,25.440481,1282
R1010,30.642942,14.433144,3904
R1011,14.292646,8.3349237,12198
R1012,13.174131,14.28239,4009
R1013,5.0507493,6.5100265,20068
R102,.56971657,9.5877361,9085
R1030,8.0004244,9.7274685,8604
R1031,-17.324203,9.4879379,9167
R1032,-4.494266,8.9265461,10370
R1033,22.999029,23.192501,1505
R1084,23.583399,6.5492697,19848
R109,-.86712801,3.8675194,60448
R110,13.208167,9.1858873,9584
R1110,-1.7547497,12.281844,5473
R112,3.4108927,7.0539889,17175
R12,-16.423927,29.279087,987
R1310,-6.5823097,5.6209135,34108
R1311,8.05093,21.580441,2335
R1312,-4.56533,9.5413084,11514
R1313,26.537819,40.132496,589
R1314,51.893219,17.51935,2736
R1319,7.5008664,17.080931,2943
R140,-4.3662014,10.108685,8150
R159,40.671665,20.054234,2320
R160,-129.04114,18.036503,2577
R161,138.38893,32.315304,822
R17,-48.738552,33.957771,782
R180,-183.8317,71.779373,207
R188,-29.109241,12.907916,6818
R1900,73.642075,17.290421,2811
R1909,-77.55014,22.225557,1656
R194,17.201628,13.027074,4790
R195,30.585102,11.403299,6242
R197,22.348261,5.2209778,30743
R200,-4.546494,11.864633,5811
R202,-8.5224762,10.574616,7384
R209,-3.078618,48.852608,327
R21,25.917309,7.5034513,14781
R220,27.279318,14.767361,3797
R221,3.471251,12.547401,5402
R222,-57.256435,16.403824,3094
R2242,-53.311626,26.505032,1178
R251,22.780962,13.509104,4590
R252,44.36433,13.282956,4626
R260,-17.504045,16.741989,3619
R262,13.330785,6.5893388,23319
R2681,25.248529,8.715456,12482
R2689,6.5130839,6.8089824,20752
R269,-8.5337858,7.1343055,19452
R270,-41.016426,15.235002,3750
R278,-18.307533,15.656442,3798
R279,-32.269642,11.735537,6562
R293,41.59613,23.143894,1707
R296,-9.185936,10.401587,8482
R29810,-.30809927,23.953133,1455
R29818,49.866779,25.742552,1238
R29898,-.33467472,12.672068,5316
R300,13.794321,4.6604533,38520
R310,-9.3760595,8.8999834,10995
R312,-21.209183,24.694098,1297
R3121,-24.39715,27.891518,1127
R3129,-.73317093,11.548303,6363
R319,7.9310102,6.6804204,19129
R32,6.7988539,8.6370058,16717
R338,-9.1522198,14.025042,5126
R339,16.244005,6.2359791,35926
R350,19.659649,6.0335269,22822
R351,-5.6579027,17.160366,2955
R3914,-2.8006687,18.339748,3558
R3915,12.786554,12.164748,5594
R399,36.99313,15.229491,3536
R400,22.846476,21.828775,1751
R401,5.5952058,32.296646,850
R4020,29.576975,32.698765,829
R404,-12.047345,11.168179,6900
R410,-14.772058,8.2792215,12389
R413,8.3340302,7.9400201,13796
R4181,19.237288,76.988403,145
R4182,-24.150513,5.2863746,35463
R41841,32.685688,24.039602,1592
R4189,8.9695225,15.755828,3416
R42,7.7783694,4.0878692,52039
R443,-55.959003,40.362625,526
R451,2.2758417,19.040283,2321
R45851,-51.159531,16.433775,3360
R4701,-7.0942855,19.374435,2484
R471,-42.32515,27.004536,1206
R4781,-1.360818,20.686569,1927
R488,-4.8611741,46.636028,423
R490,11.099233,13.961645,4424
R509,10.747406,6.5750437,19599
R51,9.9234018,4.8324995,36626
R52,-16.640284,8.1328192,12916
R531,-9.1946726,4.2653737,50112
R532,-54.709549,95.141853,112
R5381,-23.31378,7.1564059,17550
R5382,-1.6309115,12.928395,5204
R5383,6.3210907,4.3941145,43778
R54,-12.691125,18.790915,2810
R55,5.8645253,4.6513057,43177
R569,10.069251,7.9370003,15682
R570,-58.839035,38.922985,591
R571,-163.33719,77.597763,133
R579,-108.98876,46.844517,412
R58,12.003479,16.773424,2883
R590,-20.435457,12.787656,5118
R591,38.775448,21.150616,1877
R599,-68.106873,25.7708,1258
R600,-.61604708,4.9697771,34101
R601,11.129685,17.887573,2585
R609,8.722518,6.4402919,20182
R627,-56.914116,15.546735,4148
R630,-19.116249,18.497967,2436
R633,38.24453,43.188961,538
R634,2.9962759,8.0742464,13176
R6510,116.35712,32.017071,863
R6520,-77.450249,30.380005,994
R6521,13.130348,25.818472,1398
R6884,-18.079691,35.768597,678
R6889,15.313828,10.26082,7852
R69,-13.950893,20.182827,2071
R7301,5.9205241,8.3741322,12797
R7303,17.564409,11.371053,6932
R7309,-7.0234413,8.2341557,12853
R739,26.686995,8.1969757,12738
R740,1.2513227,21.257929,1921
R748,2.4854069,9.8307076,8712
R768,96.644447,30.840523,913
R7881,-24.701122,14.07479,4534
R791,12.068709,15.867419,3560
R7989,-.1094711,7.071157,16836
R799,56.246136,13.680877,4554
R809,-7.1652856,16.867702,2967
R911,11.076442,6.6003909,19682
R918,-21.625568,4.1721063,52862
R920,-26.623137,27.775471,1096
R921,-1.3584059,13.742909,4477
R922,-1.7526141,13.239397,4753
R928,-5.4558477,7.1770053,17081
R930,18.41106,30.534012,886
R931,-9.8962622,25.330364,1281
R933,.52000177,18.190939,2429
R935,12.665161,21.727259,1690
R938,8.4058008,12.879025,4886
R9389,3.8223419,25.461758,1216
R9430,-29.015791,36.447697,622
R9431,-8.003418,5.1285691,32669
R9439,-39.368351,14.268964,3992
R945,-13.246958,11.154683,6866
R946,-2.0566823,22.776203,1688
R972,-9.3073196,15.564958,3389
R9720,1.2794774,6.5464625,22848
S0003XA,-9.7591085,13.926483,4236
S0081XA,-48.880131,25.153072,1289
S0083XA,-23.358412,13.863035,4300
S0093XA,51.271702,21.546024,1739
S0101XA,.11836737,13.025902,5064
S0101XD,9.9722967,82.537125,121
S01111A,-14.771488,45.538212,397
S01112A,-2.2166746,30.900402,881
S0181XA,31.545527,13.79388,4518
S022XXA,-28.654028,23.708557,1526
S022XXD,41.807827,80.821671,129
S060X0A,-12.699524,22.997938,1553
S060X9A,31.44714,35.071247,673
S062X9D,-21.913996,99.321228,109
S06340A,-48.531303,92.221397,103
S06360A,21.082663,58.827011,267
S065X0A,-13.619918,22.672924,2141
S065X0D,48.302589,31.305317,1019
S065X0S,-12.728565,69.632988,194
S065X1A,-16.298803,70.492477,172
S065X9A,3.9507751,26.255384,1465
S065X9D,-16.170792,50.708229,357
S066X0A,-4.5225992,33.447563,925
S066X0D,-7.3151245,54.034389,362
S066X1A,-3.7764115,71.957909,171
S066X9A,-37.86689,42.753357,536
S066X9D,6.3599291,82.411606,128
S069X0D,-1.8772544,94.718094,102
S069X9A,-22.104826,58.383167,238
S069X9D,3.5048931,68.729424,233
S098XXA,16.088169,16.600803,3028
S0990XA,.9418034,6.4750695,21638
S0990XD,77.98262,39.109955,580
S0993XA,13.489265,31.433287,867
S12100A,-50.829643,49.374256,403
S12100D,-31.623045,63.543602,228
S12110A,10.897812,67.32151,199
S161XXA,2.1945176,14.80325,3809
S199XXA,-39.6791,19.430338,2331
S20211A,-48.466522,22.222883,1651
S20212A,21.153175,21.652077,1767
S20219A,-17.849783,28.274284,1048
S22000D,9.7759762,49.462811,369
S22060A,-43.422642,57.746445,241
S22080A,67.253426,29.446114,1025
S22080D,15.923877,45.580811,450
S22089A,.90721482,39.991364,532
S22089D,-4.1577697,69.570671,192
S2231XA,16.65094,24.940327,1331
S2231XD,-16.769667,81.954231,122
S2232XA,-37.049389,24.079086,1439
S2241XA,7.5712113,22.009676,1829
S2241XD,-17.396441,37.056534,684
S2242XA,-18.562824,22.262417,1774
S2242XD,-7.1372986,39.107876,633
S2243XA,-15.163996,55.670212,272
S270XXA,-15.073685,48.247768,398
S271XXA,106.67383,80.171227,134
S272XXA,-5.7331152,78.97641,144
S299XXA,-17.606325,19.585419,2269
S300XXA,8.8426361,21.104763,1791
S301XXA,-21.904995,28.308855,1028
S31109A,-131.2417,80.710548,136
S32000D,-82.856682,55.929653,282
S32009A,3.3626165,71.858192,186
S32010A,16.69363,26.718252,1280
S32010D,2.8168719,38.290047,641
S32018A,-73.941414,63.288319,206
S32019A,23.007097,36.505749,657
S32019D,-63.401878,70.687714,175
S32020A,-109.30986,41.820248,503
S32020D,-80.606506,59.268982,271
S32029A,-9.9939051,52.017071,309
S32030A,-39.244255,68.56797,165
S32030D,104.02102,66.758835,194
S32039A,-5.2230959,61.341942,222
S32040D,32.223953,79.725998,149
S3210XA,-8.7396536,36.528763,647
S3210XD,-93.706017,52.974041,352
S32401D,44.752777,68.132126,215
S32402D,-14.680672,67.452492,232
S32501A,-12.330365,78.27121,164
S32501D,-13.827183,53.176788,337
S32502D,39.170094,55.503586,335
S32511A,-1.956003,46.697807,411
S32511D,64.672226,58.014244,285
S32512A,-13.499192,46.223995,419
S32512D,3.3784535,62.091251,247
S32591A,-59.341377,36.762875,682
S32591D,-34.446262,49.092762,378
S32592A,5.5881238,36.27763,696
S32592D,-59.479179,52.217033,339
S32810A,-93.489288,56.993439,302
S32810D,-73.217682,60.576267,244
S3282XD,-39.57708,68.03183,199
S3289XD,30.77733,75.75988,164
S329XXA,32.323101,49.763657,367
S329XXD,-1.8357135,48.034424,395
S3690XA,59.578358,41.896717,489
S39012A,-1.6924202,13.529531,4571
S42201A,-60.476967,28.205149,1204
S42201D,-88.386726,28.88188,1177
S42202A,25.855726,29.035421,1152
S42202D,-24.749641,30.606503,1039
S42211A,-27.585327,40.58559,546
S42212A,-21.875441,39.990898,564
S42212D,42.942162,54.488331,320
S42251A,44.140873,81.277,132
S42291A,-4.79249,35.14827,759
S42291D,-18.047102,48.028244,409
S42292A,1.7787883,34.641628,765
S42292D,84.378647,57.465145,264
S42301A,26.384808,53.306339,293
S42301D,-8.4342203,78.041313,154
S42302A,-78.294563,44.640606,432
S42302D,-61.543892,68.817154,193
S43421A,-7.1201038,57.143459,241
S46011A,14.458937,26.092014,1217
S46012A,41.812336,31.266899,846
S52021A,-71.722557,63.394466,226
S52022A,-.19031303,63.182808,229
S52501A,-21.534317,23.999741,1646
S52501D,-16.320345,33.068253,896
S52502A,-23.795347,22.604631,1905
S52502D,-19.165979,26.032173,1372
S52531A,156.91805,44.868675,445
S52532A,17.142948,35.522682,745
S52552A,59.308895,77.280144,145
S52571A,-9.5231581,35.626183,722
S52572A,-10.035131,32.374474,882
S52572D,28.897083,77.169189,145
S7001XA,18.455395,23.225943,1488
S7002XA,2.9732814,22.992935,1522
S72001A,-1.8700875,18.702236,3352
S72001D,-30.32048,18.056103,3248
S72001S,-29.836758,55.938225,321
S72002A,-16.959507,18.837713,3262
S72002D,29.362616,18.498713,3181
S72002S,-35.955357,50.467155,404
S72009A,-5.0104527,28.961151,1319
S72009D,-40.588551,60.420052,275
S72011A,-8.2356806,30.679197,1057
S72011D,-24.573025,44.334419,502
S72012A,11.984108,27.723114,1322
S72012D,-5.3803678,42.297031,568
S72031A,-3.8257394,62.789131,222
S72032A,-96.880241,64.879494,207
S72041A,4.9565115,52.468998,349
S72041D,-61.726917,58.97266,300
S72042A,26.470839,58.389454,270
S72042D,5.5870395,58.515846,283
S72091A,68.998734,56.997406,265
S72092A,11.374691,54.32317,304
S72092D,1.2505114,84.625916,129
S72101D,29.709499,84.622917,134
S72102D,-156.34436,86.418846,128
S72111A,-15.03766,67.547791,197
S72112A,-15.553062,63.187252,208
S72112D,68.025848,78.949173,155
S72141A,-13.469822,21.482864,2242
S72141D,.27328411,21.073574,2466
S72142A,-1.5090702,20.809881,2444
S72142D,-20.617678,20.388615,2646
S72142S,-171.28488,94.185562,124
S72143A,-63.885841,77.052559,206
S72143D,-26.472929,91.846344,120
S72144A,-46.579689,52.045162,334
S72144D,18.137589,52.967968,377
S72145A,-41.283169,50.965946,333
S72145D,.97550714,51.587536,384
S7221XA,-31.728592,56.473698,284
S7221XD,37.306877,59.026329,321
S7222XA,-73.801422,55.513264,306
S7222XD,-69.64489,57.172131,298
S72301A,35.167114,76.364349,166
S72302A,-59.179951,69.772057,178
S72302D,-12.707487,94.16642,111
S72352A,-21.205154,88.232109,109
S72352D,4.7237887,99.711784,103
S72401A,5.5760088,54.859116,327
S72401D,2.3394253,51.900997,392
S72402A,-33.730644,56.001152,293
S72402D,-76.90004,51.590752,367
S72451A,-27.91716,73.253616,173
S72452A,1.4372214,74.722832,153
S7290XA,-23.414776,68.222084,270
S7290XD,60.381401,84.095009,158
S7291XA,25.237591,37.409233,714
S7291XD,-31.035715,38.012707,703
S7292XA,46.999371,40.160179,607
S7292XD,34.822876,42.319321,533
S7292XS,-38.865063,106.19658,116
S76111A,-20.418886,74.018379,157
S76112A,-16.327219,87.1409,108
S8001XA,19.429474,19.990238,2035
S8002XA,8.4650049,19.931879,2039
S8011XA,-13.76412,25.032759,1284
S8012XA,33.340244,24.179068,1391
S81801A,6.6001883,19.549997,2258
S81801D,11.18092,29.350761,1034
S81802A,7.71661,18.248114,2610
S81802D,10.880138,33.076424,813
S81811A,-3.334461,29.713566,926
S81812A,6.0570898,24.984781,1333
S82001A,-.95650244,53.789211,325
S82001D,-25.702848,58.095711,267
S82002A,107.68713,57.952045,283
S82002D,53.656048,59.012592,286
S82101D,-56.810818,80.326965,150
S82102D,-52.008503,94.236473,115
S82141A,106.93634,47.418369,416
S82141D,33.222385,64.752281,266
S82142A,-19.701811,43.565727,505
S82142D,16.876368,48.13633,446
S82201A,-33.274597,74.211174,180
S82201D,4.5346866,62.079807,236
S82202D,24.966101,80.064659,135
S82401A,-20.579121,89.344765,124
S82401D,-17.307459,69.30558,211
S82402D,43.961987,87.420441,120
S8261XA,-106.99453,45.996151,444
S8261XD,-7.0078974,70.388306,172
S8262XA,112.98408,39.870285,577
S82831A,6.1497374,78.525665,136
S82832A,37.417545,42.369122,496
S82832D,-12.433535,79.349014,142
S82841A,53.638138,39.025635,663
S82841D,-12.435471,38.384598,738
S82842A,-32.821381,41.749714,572
S82842D,-57.098427,45.35302,510
S82851A,-36.239269,44.375603,525
S82851D,-41.699455,46.889973,477
S82852A,-53.971325,54.030426,337
S82852D,20.271257,65.167542,236
S82891A,-6.1430502,56.792912,317
S82891D,-18.826992,41.132397,565
S82892D,-72.769562,53.901554,334
S83231A,35.335197,30.364811,921
S83232A,9.2220955,30.755699,908
S83241A,6.3967228,21.284973,1918
S83242A,-12.827307,21.507805,1852
S88111A,137.71817,68.029549,197
S88111D,50.876011,68.044495,206
S88112A,54.100109,61.159203,281
S88112D,3.0575922,81.124031,154
S88911A,-162.93359,103.50215,102
S91301A,-6.0324607,64.347656,192
S93401A,.29514182,22.207457,1694
S93402A,3.863677,29.722315,930
T07,80.598236,27.729269,1090
T148,-5.5974793,12.635615,5176
T148XXA,3.2270565,16.175524,2989
T1490,-20.248365,17.140444,2856
T18128A,-7.3802156,31.858292,851
T383X1A,62.904976,58.45034,235
T401X1A,38.086063,82.920273,131
T402X1A,-29.737919,43.106213,430
T40601A,-6.3901782,57.202324,247
T424X1A,65.138885,53.984753,279
T424X2A,14.8469,58.544178,236
T50901A,-26.977091,33.180996,737
T783XXA,333.61902,24.127008,1504
T7840XA,4.9236197,16.323601,3149
T796XXA,-13.367889,47.695045,377
T80211A,-18.214481,39.00668,525
T80212A,-561.81598,87.038437,103
T80219A,148.74046,84.390007,107
T8130XA,17.823242,31.817682,808
T8131XA,5.9379859,18.298616,2662
T8131XD,.69084275,29.655365,1050
T8132XA,11.98187,40.348705,531
T8140XA,21.246069,53.502617,271
T8141XA,35.128696,52.473492,287
T8142XA,87.121353,80.201202,126
T8149XA,32.170132,43.163635,422
T814XXA,66.636459,16.275631,3232
T814XXD,54.531921,34.86824,715
T81718A,-130.89311,83.609642,123
T8183XA,-3.5365109,91.846863,105
T8189XA,-16.206535,13.78108,4725
T8189XD,-12.830474,25.136534,1521
T82110A,-13.262006,53.929214,280
T82111A,-20.928095,52.469528,288
T82120A,-32.911205,77.221115,132
T82190A,47.546146,73.11499,148
T82191A,-2.1103826,85.711678,108
T82198A,-4.1693077,64.190514,193
T82330A,9.2991323,63.878559,206
T8241XA,7.2703304,46.893135,354
T8242XA,69.438728,84.247444,107
T8249XA,82.448166,34.072674,681
T82510A,-119.85078,74.493484,137
T82590A,-58.926971,27.482584,1072
T82598A,110.17428,73.677414,137
T826XXA,175.30246,74.570374,149
T827XXA,18.435818,23.241861,1571
T827XXD,84.078644,73.85862,151
T82818A,-107.56606,74.026978,139
T82838A,40.240578,27.638399,1024
T82848A,38.974678,83.058022,114
T82855A,-13.208638,42.964043,441
T82856A,23.678436,61.233086,208
T82857A,-10.177816,57.324154,248
T82858A,31.028261,13.628675,4496
T82858D,-114.76862,70.251343,188
T82868A,-7.5981832,18.440002,2451
T82897A,30.604223,53.62632,271
T82898A,-28.689524,14.821382,3798
T829XXA,-95.410942,36.740238,581
T83091A,13.269401,51.060852,295
T83098A,13.227974,28.121563,1028
T83510A,17.037407,58.619957,222
T83511A,25.402504,20.335815,1962
T83512A,-3.4068584,82.486801,118
T83518A,23.56476,34.186077,667
T8351XA,-46.867977,39.798306,537
T8383XA,-51.488251,68.562401,168
T8389XA,5.3897295,61.887463,208
T84020A,-29.298639,42.962666,492
T84021A,-44.804474,46.880466,411
T84022A,68.557968,72.413567,168
T84023A,21.26717,74.102409,144
T84028A,-42.915043,80.371712,126
T84030A,-21.616083,72.102722,155
T84031A,36.962681,71.885895,157
T84032A,-100.10567,52.200317,306
T84033A,29.058405,58.11021,252
T84038A,-129.16396,70.350883,158
T84090A,59.122353,88.548965,103
T84092A,-2.3221943,65.507927,190
T84093A,-2.0552652,68.750755,180
T8451XA,-32.530476,49.530331,369
T8451XD,-180.69736,90.140076,110
T8452XA,-68.352646,52.132034,343
T8453XA,28.014448,38.071537,635
T8453XD,-65.355446,47.381413,441
T8454XA,29.870255,39.872383,572
T8454XD,121.44519,56.033928,298
T8459XA,296.16574,47.031063,389
T8459XD,-152.46455,77.19796,136
T847XXA,116.71887,65.485161,191
T8484XA,-4.5286131,19.788977,2111
T8489XA,5.8450923,51.883034,294
T8522XA,15.035477,88.715027,118
T85611A,-51.810543,61.270473,207
T8571XA,-9.6841612,49.442493,328
T8579XA,67.226105,40.957073,490
T85898A,12.412337,63.316017,194
T8610,-7.8025932,36.750664,837
T8611,163.49266,40.467896,575
T8612,-51.334484,53.168316,300
T8613,124.7924,67.816399,167
T8619,8.1599398,33.523521,739
T8621,31.043165,80.58725,161
T8649,11.732948,85.048912,114
T865,81.797661,83.483307,184
T86818,182.07904,79.346725,156
T86821,-71.970528,62.788425,219
T8743,-22.88415,49.674931,363
T8744,12.0678,53.982857,285
T8781,-66.278015,47.564888,400
T8789,-26.144121,33.930832,758
Z0000,6.4095039,2.6512916,122685
Z0001,23.790804,6.2876935,21500
Z006,-125.96503,58.115124,289
Z01419,15.473261,6.1464763,22798
Z01810,.50990301,5.4235826,27833
Z01812,7.8772707,7.1584816,15792
Z01818,3.6478024,3.4268641,72083
Z0189,80.127045,22.680853,1675
Z0389,-15.199665,11.927731,5719
Z043,.6424911,12.380689,5356
Z08,-1.2179025,6.9210567,18416
Z09,11.710662,5.9898896,22780
Z111,15.510851,24.493528,1440
Z1211,2.3522046,4.1420412,52966
Z122,6.2038441,27.136745,1147
Z1231,.27420065,2.5956733,127330
Z124,-7.2170024,8.8525562,11030
Z125,-.13498066,6.7944341,19086
Z136,-7.5965924,10.321438,8131
Z13820,.21876939,8.0189953,13069
Z1389,37.668499,18.564655,2517
Z21,34.549004,28.942116,1268
Z23,15.63747,2.1651528,175012
Z418,33.881397,38.78727,655
Z421,-48.079403,59.47773,236
Z430,18.760889,32.302891,1354
Z431,8.0069456,17.771173,3022
Z432,3.4388618,28.636948,1437
Z433,-26.685993,20.438465,3283
Z436,-78.233704,27.32305,1559
Z45010,-1.7806354,12.881368,5527
Z45018,11.58793,9.579689,10879
Z4502,11.786476,11.245934,8092
Z4509,1.0926032,21.210209,2855
Z451,-32.649902,40.7369,616
Z452,-7.7816114,6.9553661,19780
Z4542,-66.262238,50.23785,325
Z4549,36.538124,46.522427,413
Z462,136.30768,53.162598,283
Z4659,-56.900375,23.641832,1504
Z466,26.970955,16.975424,3160
Z4682,-23.100416,11.688086,7450
Z4689,-4.2287955,27.840328,1133
Z471,-4.8661885,6.0403628,26028
Z472,-107.7295,39.800098,510
Z4732,-32.295208,58.935635,245
Z4733,-92.150024,55.4044,264
Z4781,-67.999695,23.131914,1755
Z4789,-27.247351,8.3036556,13210
Z4800,-11.276729,33.333008,803
Z4801,-65.384651,59.066135,237
Z481,-20.278202,45.213615,391
Z4821,28.54624,36.106655,796
Z4822,-5.0295901,15.872516,4689
Z4823,-92.442787,63.827362,218
Z4824,78.212288,44.884026,574
Z48298,101.9066,58.474751,243
Z483,-45.189831,23.261255,1540
Z48811,9.2208424,32.750687,791
Z48812,-19.992783,12.222844,5953
Z48813,-27.076973,35.164631,672
Z48815,-18.891302,19.900518,2210
Z48816,-41.769283,32.544842,762
Z48817,-14.704936,21.477423,1796
Z4889,1.5687745,11.717885,6229
Z4901,-78.775673,24.360588,1352
Z510,24.559187,9.2901278,10689
Z5111,-18.371254,6.317409,32656
Z5112,-25.4119,12.159823,8382
Z515,-99.00351,19.561924,2411
Z5181,30.455366,4.7949042,59720
Z5189,-11.278653,7.0402789,19939
Z7189,24.454021,19.448549,2245
Z7401,-22.368641,27.046459,1306
Z7409,-7.9496908,19.023724,2641
Z741,-23.92231,55.505119,286
Z7689,-22.637556,17.76729,2683
Z780,6.8465309,7.8272963,13608
Z789,12.094174,33.015839,801
Z7901,10.395541,4.7297463,69169
Z79891,18.955366,6.2572203,26429
Z79899,31.620361,3.5762858,75031
Z800,17.682596,19.220816,2236
Z803,-25.519943,41.922413,467
Z85038,2.5106564,17.512901,2876
Z853,-5.3242216,8.3492031,12807
Z8546,-4.647192,13.701696,4767
Z8551,21.59602,16.227711,3413
Z85820,-5.8839173,25.000929,1485
Z85828,11.314705,8.818861,11169
Z86010,5.5773048,7.5949192,15555
Z86711,-4.7735033,39.472103,586
Z86718,-13.940228,20.267023,2998
Z8673,18.945841,13.744714,4952
Z87891,4.107779,12.831647,5094
Z87898,-51.913731,13.946054,7545
Z89511,-19.377525,21.875614,2357
Z89512,-36.23159,22.909376,2034
Z89519,21.810463,55.151516,367
Z89611,-84.904182,31.399302,1220
Z89612,-86.863159,33.929413,990
Z9049,-25.897797,31.914663,819
Z9181,11.66609,12.12014,6655
Z9189,47.81345,33.878208,742
Z930,22.581448,20.384518,4802
Z931,88.947754,24.878908,2064
Z932,-10.443803,16.128,6705
Z933,27.465509,10.761941,16810
Z936,11.172053,18.122135,5439
Z940,36.043705,11.547621,33293
Z941,62.625004,30.852425,3241
Z942,95.441887,38.24358,2235
Z944,29.446823,20.670189,6826
Z950,6.1977353,7.298748,17902
Z951,8.070241,12.093604,6518
Z952,.31829211,10.156907,12714
Z954,13.657339,47.153431,388
Z955,10.950155,15.315563,4101
Z95810,3.2621629,10.359817,9600
Z95811,-11.063562,42.87801,830
Z961,8.3292789,5.4189649,28855
Z96611,1.115805,24.333261,1518
Z96641,1.0699826,13.519945,4927
Z96642,-13.224558,15.023664,4009
Z96649,37.606228,56.647091,329
Z96651,-5.3392363,9.945735,9236
Z96652,-.2628946,10.545448,8146
Z96653,-8.8597736,38.470665,594
Z981,-10.982586,11.921221,6054
Z9861,17.767122,19.9062,2394
Z9889,-18.546074,20.669558,1863
Z98890,-18.900908,8.2143621,12481
Z9911,11.038528,37.043205,780
Z992,-16.26306,13.887094,8144
_cons,178.78922,.75807434,
