icd10,b_mcr,se_mcr,b_total,se_total
A047,60.067249,5.343411,69.374886,6.3751068
A0472,95.878616,5.9117537,122.19312,7.053184
A419,232.25143,2.0048149,294.89017,2.391901
B029,14.453761,2.7305903,22.873512,3.2578077
B078,90.216438,2.7723322,112.01096,3.3076088
B079,93.118477,4.3279676,118.15134,5.1636038
B181,142.55423,7.5395131,156.11319,8.9952288
B182,84.706879,2.6029787,86.768105,3.1055572
B1910,118.48972,8.1455336,131.5659,9.7182589
B1920,153.8213,3.3444879,174.24269,3.9902356
B20,151.94539,2.4348176,158.08624,2.9049275
B349,22.329454,3.6695256,35.938419,4.3780308
B351,10.190131,0.61941701,9.3202629,0.7390129
B353,37.468033,2.6835053,45.171391,3.2016315
B370,67.680923,4.2776928,91.556618,5.103622
B9562,331.12241,7.5857744,440.61407,9.0504217
B9620,157.87996,5.3790407,237.09984,6.4176159
B9689,105.08001,4.3161635,151.6976,5.1495204
C01,901.14203,7.1071458,1143.113,8.4793806
C029,603.52826,15.517903,757.54376,18.514072
C07,986.19403,9.8234043,1236.2327,11.72009
C099,741.47241,7.8726845,936.50189,9.3927279
C155,832.30585,7.1041403,1054.2538,8.4757948
C159,429.08105,5.8776217,558.17126,7.0124621
C160,487.26398,9.0135288,631.9679,10.753844
C169,508.30472,6.5706148,630.73706,7.8392572
C180,372.25803,6.2589073,479.85605,7.4673657
C182,302.59232,4.5683908,395.37253,5.4504476
C184,359.49323,7.8485966,461.50476,9.3639898
C186,432.85175,8.800601,548.18146,10.499805
C187,554.95624,4.61338,716.43628,5.5041232
C189,320.45969,2.5906878,417.52524,3.090893
C19,434.09604,6.2076077,551.00183,7.4061613
C20,490.87155,3.4698427,635.41516,4.1397934
C210,506.42679,8.5031462,637.13934,10.144918
C211,801.98499,11.680083,990.17627,13.935253
C220,1509.8645,4.7401357,1759.0709,5.6553521
C221,356.48285,7.7787738,429.9584,9.2806854
C250,721.8714,5.8602939,916.84302,6.9917889
C251,736.69623,9.2234564,947.06262,11.004305
C252,681.11755,11.491055,847.20831,13.709726
C259,419.63315,4.7127018,548.48529,5.622622
C320,683.6886,8.9899426,861.1123,10.725704
C321,797.44836,10.13279,1015.2851,12.089211
C329,404.36426,6.5966125,521.90723,7.8702741
C3400,716.98328,15.258499,910.42389,18.204582
C3401,1035.5236,9.9009752,1291.5459,11.812637
C3402,1268.7769,13.160251,1560.1959,15.701207
C3410,621.01483,7.5762882,775.29236,9.0391045
C3411,1318.4286,3.1474724,1634.8246,3.7551806
C3412,1274.3217,3.5016551,1584.2263,4.1777482
C342,1226.0629,7.2161927,1530.572,8.6094818
C3430,487.59698,18.035606,641.229,21.517889
C3431,1235.7338,4.2126694,1528.4604,5.0260434
C3432,1266.8057,4.6150827,1574.8596,5.5061545
C3480,1094.0742,10.73774,1352.748,12.810963
C3481,1449.3201,9.3785295,1785.5173,11.189319
C3482,1517.0072,12.187004,1859.0131,14.540049
C3490,624.27972,2.21714,773.5611,2.6452212
C3491,739.97534,3.6682734,908.04095,4.3765373
C3492,686.44141,4.2708006,848.28699,5.0953989
C4339,1296.7216,12.25397,1569.4034,14.619945
C434,1768.6102,8.4211016,2130.677,10.047032
C4359,1528.8474,6.3585868,1831.4431,7.5862908
C4361,1404.3767,10.114122,1689.4608,12.066938
C4362,1248.1095,9.4964266,1525.4362,11.329979
C4371,1547.0798,11.957947,1848.5599,14.266766
C4372,1541.8329,11.478016,1868.7041,13.69417
C439,1684.4875,4.6586609,1986.4153,5.558147
C4401,554.44525,13.955,700.54401,16.649405
C44212,531.84991,6.2622337,675.44318,7.4713345
C44219,515.70203,6.0288296,653.07867,7.1928654
C44222,512.64954,9.9385023,650.84467,11.85741
C44229,529.83124,6.553165,673.29272,7.8184381
C44310,214.07681,9.4068861,276.56802,11.22315
C44311,585.66571,2.8149805,740.54462,3.3584919
C44319,481.29181,2.2145326,609.26666,2.6421106
C44320,2563.8862,1406.5812,3229.021,1678.1613
C44321,549.737,6.4894128,693.97748,7.7423768
C44329,512.32892,2.953408,648.45813,3.5236468
C4441,372.42908,3.3648829,472.92651,4.0145683
C4442,496.76749,3.508297,627.495,4.1856723
C44519,240.28795,2.9142017,304.06857,3.4768703
C44529,290.99921,4.924315,368.50708,5.875093
C44612,245.81143,6.9343033,311.88837,8.2731657
C44619,252.91124,4.6738982,321.92062,5.5763264
C44622,336.14682,3.6522307,424.38092,4.3573966
C44629,322.4686,3.4842234,408.42682,4.156951
C44722,365.08621,4.5125933,457.24536,5.3838763
C44729,359.8324,4.4585052,452.73331,5.319345
C4492,365.85062,7.5018096,459.09637,8.9502449
C450,2468.7332,14.547901,3016.135,17.356783
C482,462.66663,10.295937,579.62714,12.283857
C499,630.17456,6.5887241,809.24866,7.8608627
C50011,549.9248,10.542943,652.13599,12.578555
C50012,597.37146,16.67408,731.8623,19.89348
C50111,657.19159,5.1429605,800.34955,6.1359539
C50112,740.53632,5.0440092,910.10858,6.0178976
C50211,731.23145,5.1212249,888.39203,6.1100216
C50212,693.54401,4.9412222,852.0954,5.8952641
C50311,670.56097,7.2077413,817.80945,8.5993986
C50312,763.96222,6.7619581,936.87408,8.0675449
C50411,711.86847,2.8032432,872.31995,3.3444884
C50412,708.4743,2.7839196,869.97681,3.3214335
C50419,217.151,12.213142,269.98071,14.571234
C50511,705.46588,5.9421759,862.77075,7.0894799
C50512,788.20978,5.6555085,967.39905,6.7474642
C50811,773.35406,4.5811157,951.40338,5.4656291
C50812,743.10455,4.6244273,918.18756,5.5173035
C50911,536.31,2.344099,662.8111,2.7966936
C50912,544.3277,2.3332419,673.93085,2.7837403
C50919,267.68561,1.9013458,336.00171,2.2684543
C539,864.64569,8.5204239,1068.9978,10.165531
C541,519.53473,3.3798647,646.08929,4.032443
C549,196.65118,14.986701,250.1143,17.880306
C55,308.25739,6.5685306,389.31433,7.8367705
C561,423.10519,6.503633,507.22925,7.7593427
C562,181.11905,7.2333794,225.95622,8.6299868
C569,339.33929,3.9017591,414.58688,4.6551037
C61,484.75525,0.96422726,598.39795,1.1503985
C641,809.00946,4.6951423,1003.0403,5.6016717
C642,808.82422,4.8325081,1000.5839,5.7655602
C649,403.12833,3.9449825,501.25586,4.7066727
C670,588.41394,8.6334753,736.18097,10.300411
C672,472.35764,5.2041631,602.35205,6.2089729
C674,430.30667,7.1438398,551.89203,8.523159
C678,493.3829,4.9344959,617.0603,5.8872395
C679,369.53058,2.297276,473.07202,2.7408299
C711,990.58142,13.126231,1253.8278,15.660621
C712,1386.6011,26.132401,1769.238,31.177998
C719,1042.2437,5.7228723,1317.946,6.8278341
C73,263.5878,3.4207273,324.83588,4.0811949
C760,896.91449,5.7950912,1130.1578,6.9139967
C770,712.05096,6.2476449,878.48834,7.4539289
C771,85.433426,6.0965161,83.988167,7.2736206
C772,-136.57327,6.4604177,-183.37801,7.7077832
C773,665.50012,5.6039095,814.5293,6.6859021
C774,1041.1716,18.855873,1195.1385,22.496531
C775,428.08319,9.0090628,485.85629,10.748517
C778,-125.87334,9.8379917,-209.19464,11.737494
C779,229.31218,6.5687809,265.92178,7.8370695
C7800,189.85306,4.2280736,249.46841,5.0444226
C7801,147.06116,5.8780012,171.59047,7.0129147
C7802,78.301743,6.2726007,94.031776,7.4837027
C781,5.2980747,15.179802,32.697166,18.110691
C782,-314.29437,9.4079437,-411.92902,11.224413
C786,-166.00868,5.6046977,-182.64133,6.6868424
C787,504.64847,3.0804749,626.18573,3.6752474
C7889,23.934868,10.700603,13.354408,12.766656
C792,432.3483,9.5864592,490.85635,11.437396
C7931,1199.1298,4.1556129,1448.6748,4.9579711
C7949,626.349,17.43936,713.36572,20.806519
C7951,1071.2776,2.0162232,1317.6373,2.4055121
C7952,519.03986,10.923171,624.5694,13.032196
C7971,454.85458,15.906591,528.99292,18.977806
C7972,398.59131,13.082686,427.70789,15.608668
C7982,175.2739,10.733176,232.05148,12.805519
C7989,130.20348,4.7929435,160.62048,5.7183566
C799,773.36792,4.9494057,944.1759,5.9050279
C7A00,1928.7571,10.531873,2450.136,12.565347
C7A012,2305.8306,13.483899,2864.8843,16.087345
C7A019,2705.7661,12.178309,3271.8855,14.529675
C7A090,1330.5177,22.401976,1600.3928,26.727308
C7A098,2296.7256,14.460583,2816.4563,17.252605
C7A1,728.19659,11.759637,951.11194,14.030167
C7A8,1729.7642,7.6087203,2049.2422,9.0777979
C7B02,1958.5048,12.473043,2234.1101,14.881316
C7B8,1869.4016,14.198088,2066.2507,16.939428
C801,423.832,3.8683209,528.26202,4.6152096
C8190,1267.3278,10.975019,1497.6128,13.094055
C8218,1753.1351,29.250299,2175.9521,34.897892
C8290,1154.1343,7.2334523,1451.4645,8.6300745
C8300,850.58118,8.555295,1051.744,10.207135
C8310,1380.324,9.4851799,1725.533,11.316562
C8318,1276.9054,12.133962,1594.1925,14.476765
C8330,1001.8046,5.4092507,1215.427,6.4536591
C8331,1529.4937,10.068972,1895.5985,12.01307
C8333,1407.1147,10.536036,1732.9902,12.570314
C8338,1343.5959,8.0945988,1614.5011,9.6574888
C8339,1139.3741,8.0756865,1411.5496,9.6349249
C8510,1011.7747,7.4226913,1278.7358,8.8558512
C8580,878.26801,6.1605539,1086.1897,7.3500223
C8589,640.34277,11.845351,793.37762,14.13243
C8590,1015.7779,3.6941111,1269.4069,4.4073634
C880,905.27295,6.4436707,1117.5864,7.6878028
C884,898.95825,8.5786505,1125.724,10.235001
C9000,1260.4669,2.4115109,1590.8196,2.877121
C9001,-45.224915,5.5370688,-61.822216,6.6061563
C9002,2335.7764,6.5447145,2921.7175,7.8083558
C9100,1796.3663,15.704505,2052.5269,18.736702
C9110,534.33661,2.5617859,667.15576,3.056411
C9190,96.800018,6.1502175,132.87032,7.3376904
C9200,1246.1498,6.560853,1570.8265,7.8276105
C9210,157.79561,5.4637284,156.8363,6.5186553
D0439,323.60452,3.6140461,409.91492,4.3118396
D044,286.07394,4.7603068,361.88843,5.6794181
D0511,695.1958,5.2014127,859.55249,6.2056923
D0512,720.0636,5.0783691,889.84991,6.0588913
D120,288.53394,3.2089214,390.88907,3.8284941
D122,267.40594,2.6424789,360.17899,3.1526837
D123,236.57549,2.6945398,327.71826,3.2147968
D124,164.85995,3.6558547,235.14586,4.3617206
D125,212.02458,3.1500921,301.4281,3.7583063
D126,73.357712,3.2599435,111.31908,3.8893676
D128,259.0007,5.1029816,357.87592,6.0882559
D1801,43.631718,2.8098915,55.24876,3.3524203
D225,77.591171,1.9385297,95.069084,2.3128176
D229,7.479445,3.3087418,12.877394,3.9475875
D235,114.12919,3.5659626,143.28017,4.2544718
D259,406.62149,4.3450398,508.98599,5.1839719
D320,436.69485,6.0406227,553.39984,7.2069354
D329,204.12535,6.4169621,267.02283,7.6559377
D3A8,1402.3608,13.446818,1595.2075,16.043106
D45,33.252857,3.8590033,35.106621,4.6040926
D461,1001.9241,14.135153,1256.1497,16.864342
D4620,746.13812,12.082767,955.11829,14.415686
D469,846.72272,3.1887014,1077.4003,3.8043699
D46A,1234.9103,22.2181,1546.9325,26.507931
D46Z,868.77911,8.2940063,1091.1134,9.8953981
D472,124.7231,2.4803634,142.3878,2.9592674
D473,29.895292,3.2396653,31.265676,3.8651738
D485,109.11736,0.952658,137.65463,1.1365955
D492,108.68716,2.4571712,140.06297,2.9315975
D494,523.87946,11.622478,678.61078,13.866525
D500,135.43852,1.9626964,170.4424,2.3416502
D508,103.41186,2.1646619,125.19041,2.5826108
D509,173.65465,0.94604552,213.16463,1.1287062
D510,14.521214,2.2254336,7.651804,2.6551161
D518,96.78746,2.9606836,107.71394,3.5323269
D519,89.870438,2.0676808,95.010361,2.4669049
D529,-24.999928,5.8025746,-50.432796,6.922925
D539,68.198601,2.9973013,76.643333,3.5760148
D571,576.35797,6.9433084,708.25366,8.2839098
D591,738.62823,7.6978583,929.17596,9.1841469
D593,26573.773,23.010427,29409.307,27.453239
D595,24778.748,24.920938,28811.584,29.732628
D61810,739.07922,10.63304,900.03687,12.686049
D61818,288.55365,3.7074757,361.27878,4.4233084
D62,285.76236,4.0488372,350.41501,4.8305793
D630,92.514572,5.9112115,127.24158,7.0525374
D631,366.01111,1.3695004,461.21326,1.633921
D638,59.867744,2.9751899,77.1549,3.549634
D6481,1018.9619,4.6938868,1293.1586,5.6001735
D6489,168.07181,4.2048273,208.66971,5.0166874
D649,86.317619,0.67764384,100.16982,0.80848211
D66,23214.084,13.203788,28727.693,15.753151
D67,33471.156,28.387665,40998.781,33.868702
D680,2643.8352,13.079151,3306.3496,15.604449
D6851,34.420662,5.1973696,45.115337,6.2008681
D6859,1.8955858,6.0744438,1.5563111,7.2472868
D688,226.31877,5.5481076,269.13605,6.6193261
D689,227.21719,3.028533,269.72397,3.6132767
D693,1503.6765,4.0359211,1890.5793,4.8151693
D6959,-112.98826,6.152668,-126.2616,7.3406143
D696,129.74843,1.8945621,163.40213,2.2603607
D701,2548.7791,4.2390614,3209.3909,5.0575318
D702,1051.2156,9.2538271,1320.2467,11.04054
D709,474.27112,4.2863946,599.56293,5.1140037
D72819,35.224747,3.3818843,40.083347,4.0348525
D72829,229.69099,2.1690855,298.13141,2.5878885
D751,-18.345448,3.4192834,-24.887245,4.0794725
D7589,50.362514,5.2450533,59.064602,6.2577591
D801,1171.9425,3.6817408,1488.4968,4.3926044
D803,1028.3932,8.8536339,1306.8362,10.563078
D830,2388.2988,12.236423,3006.0066,14.59901
D838,2307.478,10.291348,2937.6294,12.278382
D839,2682.5461,4.7578349,3378.2351,5.6764688
D849,308.0976,7.6426787,370.52814,9.1183128
D869,133.23512,4.5360126,162.07426,5.411818
D89811,1480.9513,26.949135,1870.2356,32.152424
D899,113.17422,5.0551329,118.62514,6.0311685
E032,566.35004,7.2347908,680.78503,8.631671
E034,-79.237495,2.9503131,-97.339561,3.5199542
E038,-4.7307405,1.8357463,-10.911759,2.1901889
E039,47.930035,0.51842189,54.60743,0.61851782
E041,159.48727,1.9547659,194.83646,2.3321886
E042,150.77072,1.9096817,182.16151,2.2783995
E049,123.51133,3.5479002,150.74828,4.2329221
E0500,102.47704,4.2809658,119.80574,5.1075273
E0590,59.845619,2.5128026,67.437531,2.9979699
E063,117.74967,3.3981867,133.37421,4.0543022
E079,90.235619,2.2328172,106.19736,2.6639256
E1022,114.17053,5.2432241,139.18069,6.2555761
E1029,102.34334,13.407753,123.86436,15.996498
E1065,253.09814,2.3281779,314.99414,2.7776983
E109,123.22132,1.601498,151.88943,1.9107124
E1121,3.6291175,1.751743,0.69147652,2.0899663
E1122,20.607689,1.138832,22.431452,1.3587157
E1129,57.625004,1.79331,70.194466,2.139559
E11311,330.08551,10.282146,414.00574,12.267403
E11319,5.1634808,3.3530946,5.9258394,4.000504
E11321,397.1084,10.573221,499.08524,12.614679
E11329,63.399155,5.9971242,81.304512,7.1550379
E113293,59.503105,3.2648027,74.921165,3.8951647
E11331,627.93121,8.3199501,789.46564,9.9263515
E113311,553.03461,6.6180558,693.22717,7.8958583
E113312,578.43866,7.3069787,727.5329,8.7177963
E113313,700.96973,5.3378005,876.85999,6.3684134
E11341,716.9397,12.954229,898.41833,15.455408
E113413,908.97345,7.875154,1140.0883,9.3956747
E11351,566.85248,7.3280067,710.57367,8.7428856
E113511,547.3573,6.0860076,684.90924,7.2610831
E113512,544.25867,6.5281377,681.73474,7.7885785
E113513,605.26447,4.8269296,757.89423,5.758904
E11359,197.23831,7.8425546,249.2338,9.3567801
E1136,122.00066,5.4317913,172.13194,6.4805517
E1139,-266.51431,497.2955,-284.05688,593.31244
E1140,20.189123,1.1778852,25.130415,1.4053091
E1142,15.655269,1.1671926,19.44379,1.392552
E1143,-7.9440904,4.1138763,-9.8228159,4.9081759
E1149,31.483036,2.3786094,36.938957,2.8378668
E1151,99.947212,1.7556305,113.09753,2.0946045
E1152,494.43796,9.0114298,593.86285,10.75134
E1159,11.455572,2.128099,13.713161,2.5389886
E11621,444.90567,2.4054482,568.57605,2.8698876
E11622,184.76807,3.9615598,234.43042,4.7264504
E11649,102.76993,3.6416235,144.09169,4.3447413
E1165,35.501278,0.67295116,40.783173,0.80288333
E1169,13.822952,1.8079821,15.022899,2.157064
E118,15.686269,1.4273793,18.168488,1.702975
E119,39.990448,0.35647562,46.246292,0.42530331
E139,36.080425,4.2090998,38.23991,5.0217853
E162,115.5657,3.4949219,144.86125,4.1697149
E210,350.672,4.2011437,431.02411,5.0122929
E211,181.09036,9.1132555,217.90457,10.872826
E213,144.04649,2.7668896,173.1209,3.3011158
E2740,149.32628,8.3485413,168.63078,9.9604626
E279,51.009766,5.4900408,66.348076,6.5500479
E291,81.075516,1.541005,88.786331,1.8385394
E340,2654.7903,9.7917404,3302.6646,11.682311
E43,448.6759,6.2253523,556.36584,7.4273319
E440,240.37706,6.3051963,285.48895,7.5225921
E441,-8.5694075,7.5883536,-20.242256,9.0534992
E46,47.922138,3.1852498,64.971809,3.800252
E538,-9.0143023,1.0499763,-15.390714,1.2527039
E539,44.704678,3.5278673,48.990952,4.2090216
E559,-19.083832,0.61285841,-43.724636,0.731188
E611,-9.7734756,2.7904885,-12.071789,3.3292708
E6601,53.909336,1.5507003,68.480797,1.8501067
E6609,-88.352005,3.6627955,-103.98032,4.3700013
E663,26.922682,2.8049054,30.255693,3.3464715
E669,204.88919,1.2133001,247.58812,1.4475619
E7402,37010.941,41.479969,40209.695,49.488846
E7521,13329.684,26.922951,15873.809,32.121185
E7522,16532.697,25.53706,19217.557,30.467709
E780,39.507133,1.4024571,45.679333,1.673241
E7800,43.814953,0.73773623,48.825775,0.88017696
E781,-39.869389,2.4932706,-52.662193,2.9746666
E782,-35.617287,0.64042854,-50.120716,0.7640813
E784,-15.802278,1.5114191,-27.254854,1.8032411
E7849,-26.606411,3.0063951,-41.690983,3.5868645
E785,61.677944,0.42842522,68.798149,0.51114476
E790,-120.9146,4.3509636,-152.30975,5.1910396
E8310,-120.26191,9.1725931,-163.24747,10.943621
E8330,80.345161,5.1877427,95.75695,6.1893826
E8339,81.190125,4.2619786,91.365074,5.0848737
E8340,44.201653,5.3101878,39.034016,6.3354692
E8342,71.261932,2.2946534,109.16487,2.7377009
E8350,104.4358,6.6751652,125.20282,7.963994
E8351,78.402519,3.7124693,96.126083,4.429266
E8352,53.574261,2.2883263,56.238171,2.7301521
E8359,35.550617,6.894783,47.673328,8.2260151
E860,452.50757,1.6049532,600.591,1.9148346
E861,213.04666,15.768836,291.26343,18.813454
E869,573.1012,5.274622,725.26654,6.293036
E870,-14.196471,5.0136185,-25.296581,5.9816389
E871,56.44989,1.6957183,81.73333,2.0231245
E872,68.020988,3.8371148,90.481636,4.5779781
E875,32.230762,1.7583083,40.057594,2.0977993
E876,56.657303,1.4681039,88.412842,1.7515626
E8770,370.32077,3.4955332,463.95642,4.1704445
E8779,464.05847,5.2969956,579.57928,6.3197298
E878,25.821383,2.9392445,30.488398,3.5067484
E8801,3664.9326,9.5720778,4759.4683,11.420237
E8809,37.655159,4.4715471,44.826012,5.3349056
E8881,32.869743,4.322001,38.492626,5.1564851
E890,37.52301,2.5289395,39.374142,3.0172224
F0150,21.796946,3.0186057,28.684942,3.6014326
F0151,52.978291,3.7351604,63.092743,4.4563384
F0280,36.196274,2.1057329,53.858437,2.5123041
F0281,56.08424,2.697567,69.886848,3.2184081
F0390,66.137505,1.0762634,89.304558,1.2840663
F0391,90.934013,2.224092,111.29344,2.6535156
F05,323.96313,5.2019601,398.51733,6.2063451
F068,119.71651,9.1998711,146.71277,10.976166
F1010,152.93791,3.3069253,192.99834,3.9454205
F10129,492.07233,5.4625964,634.81097,6.5173044
F1020,282.76929,3.4114833,351.15097,4.0701661
F1021,68.035896,5.6451044,96.784027,6.7350507
F1099,174.40831,13.707183,222.61542,16.353741
F1120,199.08438,1.857111,205.43834,2.2156785
F1210,187.82011,7.3264847,237.08231,8.7410688
F1290,269.87546,6.4673505,347.31299,7.7160549
F17200,99.133713,1.4253269,134.89288,1.7005265
F17210,194.15257,1.0759078,256.8399,1.2836422
F17220,223.91197,6.6727862,319.55658,7.9611554
F17290,218.10675,4.3820724,271.85025,5.2281551
F1920,223.43054,8.1911039,229.64465,9.7726269
F200,173.28769,2.2891283,216.57272,2.7311089
F209,109.27577,1.726572,135.3062,2.0599353
F250,173.99065,2.1113849,214.99089,2.5190473
F251,154.91789,3.0885739,191.71136,3.6849103
F259,151.05232,2.3094804,186.67657,2.7553909
F29,238.90776,2.6753836,300.69797,3.1919417
F3132,156.71684,4.6971898,192.3701,5.6041145
F314,297.06348,8.6496897,370.77472,10.319756
F3181,136.5473,2.6441615,166.19104,3.1546915
F319,121.39312,1.5444191,151.30321,1.8426127
F321,144.7242,2.5777166,178.63443,3.0754175
F322,193.49477,7.9310431,245.21449,9.4623547
F328,83.007385,7.8298135,104.80023,9.3415794
F3289,31.975733,4.4088407,41.557617,5.2600918
F329,62.189663,0.87672305,79.032364,1.0459992
F330,115.4361,2.1635385,139.07501,2.5812707
F331,145.20341,1.1467339,179.94759,1.3681431
F332,251.40546,1.658251,314.16196,1.9784231
F333,167.2412,3.0430596,210.71631,3.6306078
F3341,53.48386,3.1379404,67.231209,3.7438083
F339,98.326462,2.1027563,117.13926,2.5087526
F341,115.07245,2.0774279,143.66243,2.4785337
F39,47.221767,3.0338333,60.321629,3.6196001
F410,68.180367,2.9229591,90.194557,3.4873188
F411,62.677147,1.1090471,80.980278,1.3231798
F418,49.02499,2.0454006,72.158592,2.4403229
F419,57.967106,0.86564106,77.148651,1.0327774
F42,84.973305,8.4640427,106.03038,10.098265
F4310,111.70556,2.089462,141.79659,2.4928916
F4312,143.46198,3.3535197,181.23277,4.0010114
F4321,140.45007,2.6873236,175.63815,3.206187
F4323,192.10844,2.027519,235.1244,2.4189887
F5101,-109.7764,4.3897161,-130.14,5.2372746
F79,77.38002,3.657362,102.61288,4.3635187
F840,93.837639,8.070178,118.6182,9.6283531
F909,103.53222,4.5596766,127.64832,5.4400506
G121,21360.01,68.078209,21703.629,81.222626
G1221,1198.3452,6.0562887,1543.7135,7.225626
G129,9779.0693,28.844019,9971.001,34.41317
G20,186.17572,1.2933577,227.43944,1.5430769
G243,834.00287,5.4545398,1047.4449,6.5076928
G250,109.42981,2.7929194,126.20177,3.332171
G2581,-20.991217,2.2268822,-16.982649,2.6568446
G301,20.112856,2.3413427,24.968046,2.7934051
G309,44.378059,1.6012542,54.852783,1.9104214
G3184,103.45059,2.3684423,129.65082,2.825737
G319,89.099159,3.4358132,140.03139,4.0991936
G35,1088.0054,1.9115659,1312.1326,2.2806475
G40219,505.54385,8.5938005,574.91052,10.253077
G4089,192.52429,5.1650028,239.32822,6.1622524
G40909,127.96652,1.7926606,161.621,2.1387844
G43709,425.71127,4.4210796,532.85107,5.274694
G43719,573.22314,4.7521005,719.56195,5.6696277
G43909,178.71201,2.4813483,223.14146,2.9604423
G459,221.28967,2.1122987,295.61896,2.5201373
G4700,-58.941269,1.4480032,-69.29129,1.727581
G4710,153.19841,4.1822405,209.19537,4.9897399
G4730,280.59726,1.6930388,341.44257,2.0199277
G4731,191.84541,3.0603764,244.52563,3.6512682
G4733,141.12421,0.50924456,174.60719,0.60756862
G4761,276.63211,8.509551,376.39435,10.15256
G479,-58.757244,4.2100477,-64.508926,5.0229158
G500,164.89468,4.1926208,205.26172,5.0021243
G510,140.40257,5.6558022,180.16945,6.7478147
G5600,70.339432,8.4413471,89.686615,10.071186
G5601,281.59616,2.5403028,365.29211,3.0307798
G5602,296.00598,3.0687406,386.73743,3.6612475
G5603,126.64091,3.691375,165.73151,4.404099
G5621,261.19675,12.86624,333.03247,15.35043
G5622,244.67995,12.843669,316.8519,15.323501
G603,222.19972,3.9539123,270.14294,4.7173266
G609,68.198135,2.6621332,80.339752,3.1761329
G6181,3262.4392,5.6395383,4175.4351,6.7284098
G620,-306.5029,5.9107857,-360.7533,7.0520296
G629,6.1257262,1.4708076,6.1956596,1.7547884
G7000,1299.5164,4.4007936,1608.3345,5.2504911
G7001,3583.8032,15.504342,4372.8857,18.497892
G809,278.03259,3.3247323,349.97678,3.9666657
G8190,170.80428,11.203657,220.71228,13.366839
G8191,331.44171,6.2113161,434.41199,7.4105859
G8194,368.47845,6.0922093,479.51685,7.2684822
G8220,477.42538,3.7864673,600.53894,4.5175514
G8250,537.52625,4.393208,672.44348,5.2414408
G8918,2506.1829,2.7700813,3086.55,3.3049235
G8929,-21.189939,0.91555238,-23.660282,1.0923256
G893,-44.197731,3.9776316,-74.571388,4.7456255
G894,245.25185,1.1359262,282.50824,1.3552488
G9009,182.51633,6.324894,218.28041,7.546093
G9340,166.24599,3.6418092,201.3443,4.3449631
G9341,54.246227,4.9298663,57.275574,5.8817158
G9389,226.34996,3.3656051,298.57031,4.01543
H02403,496.09787,6.478281,627.8717,7.7290955
H02831,237.50662,4.1795983,301.88364,4.9865875
H02834,550.95392,6.4064379,707.71472,7.6433811
H04123,69.670898,1.2876836,85.060844,1.5363071
H16223,100.01881,2.6766727,121.41811,3.1934798
H1851,279.77505,3.46328,379.66345,4.1319637
H25011,454.04114,5.1224899,588.62079,6.1115308
H25012,461.11188,5.2066712,596.59131,6.211966
H25013,67.494682,6.0374637,87.567734,7.203166
H25041,398.69016,14.143435,523.36768,16.874224
H2511,793.37341,1.6404812,1011.5242,1.9572223
H2512,830.86688,1.6671001,1059.8055,1.9889807
H2513,61.926601,0.96334022,80.954269,1.1493402
H25811,691.46802,2.3989077,885.86719,2.8620844
H25812,724.78546,2.4324155,926.89453,2.9020617
H25813,56.548031,1.7236688,75.22187,2.0564716
H2589,414.87619,5.2299638,528.888,6.2397556
H259,291.56552,4.0127974,384.49146,4.7875805
H26491,242.4834,2.4554489,311.11395,2.9295423
H26492,246.64621,2.4934769,316.50052,2.9749129
H26493,101.11819,2.5301125,131.07794,3.0186222
H268,432.32687,6.4296336,564.94586,7.6710558
H269,334.11115,2.1124716,442.3656,2.5203435
H34811,524.58655,11.379898,656.80194,13.577108
H348110,760.8349,5.4239178,952.53345,6.471158
H34812,506.36639,11.241796,636.41595,13.41234
H348120,749.39215,5.3798475,939.35632,6.4185791
H34831,418.49722,9.7083311,524.4303,11.582798
H348310,689.79224,4.6851192,864.54559,5.5897136
H34832,418.90393,10.018701,525.17987,11.953094
H348320,685.46436,4.8318639,858.34967,5.7647915
H35033,122.75336,3.1353745,150.57294,3.740747
H3530,5.4117799,3.1838777,12.90109,3.7986152
H3531,59.908802,2.6221738,77.26078,3.1284585
H353111,93.647644,6.6038079,118.09967,7.878859
H353112,142.93997,4.0679097,177.7868,4.853334
H353122,124.31316,5.0849524,154.42046,6.0667458
H353131,50.622475,2.1496146,65.723305,2.5646582
H353132,72.084343,2.564733,91.068855,3.059927
H3532,917.21271,2.2498763,1152.0367,2.6842782
H353210,611.93365,12.032157,777.87378,14.355304
H353211,832.79657,1.7902457,1044.8569,2.1359031
H353212,286.59042,4.5903845,358.69629,5.4766879
H353220,659.52789,12.885073,834.65625,15.372899
H353221,818.06537,1.8763204,1025.6653,2.2385969
H353222,302.17264,5.149282,378.71454,6.143496
H353230,793.11926,9.2571201,1000.3574,11.044468
H353231,1349.4147,2.4731388,1693.9417,2.9506481
H35341,325.17426,6.3483701,409.63419,7.5741019
H35342,352.62418,8.1648674,442.64386,9.7413244
H35363,69.322617,2.7160668,87.281769,3.2404802
H35371,163.54697,2.7062793,205.39456,3.2288027
H35372,164.8961,2.7281818,206.43575,3.2549343
H35373,100.03061,2.4267697,125.18089,2.8953261
H3581,356.92578,3.6646941,447.3887,4.3722668
H40003,54.761662,2.2797267,68.365463,2.719892
H40013,79.913345,1.4595653,99.733376,1.7413756
H40023,82.077118,2.8232219,101.95284,3.3683245
H40033,122.85384,4.9273539,153.83464,5.8787184
H40053,66.853706,2.6049008,84.158737,3.1078503
H401111,277.00943,4.2178092,349.67209,5.032176
H401112,298.27899,4.1875772,375.4187,4.9961071
H401113,210.41019,4.7725968,265.72403,5.6940813
H401121,407.78415,5.4321542,515.10095,6.4809847
H401122,390.62378,4.9281955,492.64063,5.8797226
H401123,286.71667,9.7559767,362.31686,11.639643
H401131,67.626167,1.6442679,83.923058,1.9617403
H401132,76.142265,1.7443453,94.520287,2.0811403
H401133,79.34597,2.5407662,99.870163,3.0313327
H4011X0,181.36688,7.6455793,229.73935,9.1217737
H4011X1,94.421402,3.2972198,119.57013,3.9338408
H4011X2,113.54555,3.1811819,143.6373,3.7953987
H4011X3,122.80915,4.0791912,155.03355,4.8667941
H409,245.71497,2.7170906,304.49826,3.2417014
H4311,615.07202,9.8083105,771.47418,11.702081
H4312,593.57703,14.135179,748.0802,16.864372
H43393,94.696472,3.155086,118.36979,3.7642643
H43811,83.156967,3.1584537,104.16304,3.7682822
H43812,79.51281,3.3077629,98.855415,3.9464197
H43813,75.804581,2.0087621,95.162666,2.3966103
H532,160.55701,3.7498653,207.90921,4.4738827
H538,88.179367,3.1414196,121.05162,3.7479591
H539,99.545959,4.5246572,137.88269,5.3982697
H540,75.496597,14.321042,93.219734,17.086123
H547,148.98041,5.2454953,196.16985,6.258286
H548,85.09565,6.7368984,105.72842,8.0376463
H6121,12.896604,2.6075695,20.219711,3.1110344
H6123,15.740157,1.3147768,21.608217,1.5686315
H8110,76.637131,3.6099164,110.92429,4.3069124
H903,190.94615,1.462531,220.9048,1.7449138
H905,253.10583,3.2795265,291.96011,3.9127314
H9190,65.600639,3.0776317,81.290428,3.6718552
H9193,21.650755,3.5985479,26.797806,4.2933493
I059,0.28668711,10.264705,4.9029765,12.246595
I071,110.99996,3.9473813,155.03923,4.7095346
I080,257.88556,4.5204015,331.32236,5.3931923
I081,365.37381,4.1131201,451.34109,4.9072738
I083,221.14899,4.3260884,290.69293,5.1613617
I10,59.856464,0.28015146,75.522652,0.33424258
I110,250.5986,1.5233867,277.64935,1.8175194
I119,79.49456,1.5108578,94.753281,1.8025714
I120,209.41583,1.9813962,250.55563,2.3639605
I129,44.562107,1.0994583,54.151131,1.3117397
I130,61.128918,2.373687,61.097969,2.8319941
I1310,14.249213,4.1034484,13.15134,4.8957348
I1311,233.96268,17.911434,278.14523,21.369741
I132,81.384483,4.0850434,91.210869,4.873776
I150,62.58453,6.3471479,73.289261,7.5726438
I160,265.909,4.6208677,354.74695,5.5130563
I200,699.14294,4.0710397,890.81,4.8570685
I208,427.45447,3.4424698,547.8587,4.1071358
I209,333.3024,2.4748342,426.01666,2.9526708
I213,556.49164,4.3458939,726.26355,5.1849909
I214,411.42957,2.7413242,533.18665,3.2706139
I249,553.20264,9.2618217,702.45038,11.050077
I2510,97.362587,0.53931832,124.20397,0.64344895
I25110,1732.5004,3.6171272,2056.8438,4.3155155
I25118,659.82123,2.587466,797.03101,3.0870492
I25119,575.79028,2.3895581,701.48352,2.8509297
I252,164.68265,1.4566956,189.60881,1.7379518
I255,793.56476,2.0000145,844.3717,2.3861737
I25710,1608.5433,30.995937,1827.3873,36.980576
I25810,58.771427,2.7095292,86.303024,3.2326803
I2582,2314.8533,6.6660218,2777.2119,7.9530849
I2584,813.10742,5.7523932,965.71039,6.8630548
I259,80.312843,2.6929505,97.799873,3.2129004
I2699,54.076721,1.8231972,72.30439,2.1752169
I270,1384.635,3.7859232,1749.2251,4.5169024
I272,377.18585,3.1358101,482.68332,3.7412665
I2720,178.44527,2.8031776,239.505,3.3444099
I2721,2079.1289,9.11691,2630.9736,10.877186
I313,254.07797,4.3815274,295.77231,5.2275047
I340,175.92984,1.5342848,221.94623,1.8305217
I341,203.08797,3.8183498,249.0786,4.5555902
I350,106.94821,1.5644195,152.73094,1.8664747
I351,93.031631,2.3861654,127.17116,2.8468819
I358,106.09456,4.0233769,149.87822,4.8002033
I359,26.074221,3.5548818,42.725861,4.2412519
I361,94.220596,3.346077,126.19154,3.9921315
I371,-51.340866,6.3394003,-53.115005,7.5634003
I38,-27.883257,4.9388928,-15.658731,5.8924851
I420,1081.616,2.6397305,1205.0305,3.1494048
I422,316.50406,6.3548083,357.70526,7.5817833
I428,645.53967,2.9919314,702.43018,3.569608
I429,474.8783,1.8148847,528.83173,2.1652992
I440,355.28873,2.9108269,416.5256,3.4728441
I441,600.49316,4.5407543,697.94385,5.4174752
I442,633.47858,2.7091742,707.57434,3.2322564
I4430,556.86237,6.8205872,638.31653,8.1374941
I444,204.25063,5.6748281,247.58743,6.7705135
I447,1195.2736,2.8789566,1305.3248,3.4348202
I4510,324.6987,2.7383273,385.03177,3.2670386
I452,509.55246,6.2241673,587.27301,7.4259181
I4581,356.92352,6.6021686,411.39023,7.8769035
I459,489.80594,13.696441,564.36798,16.340925
I469,583.70514,3.9527721,763.63104,4.7159662
I471,548.22522,2.1093822,619.88776,2.5166578
I472,573.87952,2.4517028,631.49988,2.9250731
I480,145.11592,0.78998834,167.40715,0.94251782
I481,465.29251,1.8375562,516.07727,2.1923482
I4819,543.80023,7.3220973,594.20245,8.7358351
I482,18.019619,0.98309201,24.452414,1.1729056
I4820,5.9262743,4.8500004,14.022895,5.7864294
I4821,29.416023,8.0179825,33.82563,9.5660791
I483,1798.5967,4.2041688,1970.149,5.015902
I484,1579.3867,6.1137648,1738.1816,7.294199
I4891,81.457672,0.62716675,101.18525,0.74825895
I4892,627.23181,2.2187378,700.73462,2.6471276
I4901,848.28882,7.739028,934.35962,9.2332649
I491,130.42094,3.2474303,162.02293,3.8744383
I493,242.67123,2.1826031,286.73538,2.6040161
I495,448.40872,1.6284239,515.69904,1.942837
I498,378.9801,3.1783481,468.60611,3.7920177
I499,313.26672,1.9448947,372.99805,2.3204114
I501,246.20917,4.8908277,299.15344,5.8351398
I5020,140.76685,2.8818262,162.16562,3.4382441
I5021,135.99948,4.4830751,183.55133,5.348659
I5022,309.23291,1.5887344,326.08313,1.8954843
I5023,52.647007,3.4810975,74.433441,4.1532216
I5030,-24.398026,2.4799798,-23.202509,2.9588096
I5031,63.553558,4.9033985,85.09713,5.8501377
I5032,-44.523106,1.6398318,-54.87812,1.9564476
I5033,-7.1299524,3.2314577,-3.4869955,3.8553817
I5040,39.904961,5.4798059,56.134804,6.5378366
I5042,39.235424,2.7956471,35.470947,3.3354256
I5043,-3.9090905,4.6356916,10.527386,5.5307426
I509,54.18578,0.84023416,73.077744,1.002465
I517,128.65472,1.5314893,168.20665,1.8271863
I5189,88.658791,5.2235179,131.51945,6.2320652
I519,-2.0903568,2.8678298,8.5596495,3.4215453
I6350,105.25278,4.4955583,133.9903,5.3635526
I638,318.55743,7.1255393,410.85782,8.5013256
I639,227.50737,1.4313759,292.57886,1.7077434
I6521,114.28278,3.3565481,155.37604,4.0046239
I6522,112.30988,3.4346108,154.45483,4.0977592
I6523,111.59104,1.4065967,155.02939,1.6781799
I6529,96.729668,2.4544096,119.64731,2.9283025
I671,454.77798,4.6798911,563.25836,5.5834761
I672,99.408134,9.6857023,131.50111,11.555799
I6782,172.64536,3.7675467,231.26685,4.4949775
I6789,329.61914,2.5503967,416.29153,3.0428228
I679,61.576199,3.5752938,82.966866,4.265605
I69320,168.22908,5.7051005,218.13759,6.8066306
I69351,193.68216,3.8494673,244.37247,4.5927153
I69354,215.65053,3.6891689,269.96405,4.4014668
I69391,119.88779,12.93451,149.26279,15.431882
I69398,72.989471,5.1201859,94.364532,6.1087818
I6990,66.799561,7.0903778,81.637558,8.4593754
I69951,176.71576,8.8803596,221.21895,10.594963
I69954,211.43933,9.0835953,264.56876,10.83744
I69959,243.9942,7.615345,307.422,9.0857019
I69998,46.215919,12.955325,54.777985,15.456716
I700,12.605139,2.2102063,10.422439,2.6369488
I701,353.71213,4.6481118,423.28183,5.5455608
I70201,620.6535,6.5159245,727.04675,7.7740068
I70202,826.02814,8.1688728,962.97791,9.7461042
I70203,81.747063,2.0302701,98.134636,2.422271
I70209,135.55907,7.9721732,162.83403,9.511426
I70211,2541.2275,5.490993,3041.375,6.5511837
I70212,2853.4617,5.9416099,3417.085,7.0888047
I70213,688.94653,2.3087685,834.33899,2.7545412
I70219,429.78275,10.332149,516.00665,12.327062
I70221,3170.2859,9.857852,3854.8552,11.761188
I70222,3617.8953,10.525489,4394.7397,12.557731
I70223,838.03503,5.2509646,1031.2336,6.2648115
I70235,1512.5581,7.1253448,1824.026,8.5010929
I70245,1587.6172,7.42663,1915.0919,8.8605499
I708,226.56586,5.8577814,264.37967,6.9887915
I7090,-73.542244,4.6532564,-80.916214,5.5516987
I7092,3571.9348,9.6470089,3960.7666,11.509636
I712,95.380547,2.9769216,131.17996,3.5517004
I714,68.721184,1.9293869,97.61412,2.3019094
I719,112.65981,11.156373,148.95502,13.310425
I7300,93.730042,4.8094215,115.30707,5.7380161
I7389,133.573,2.3663933,162.58659,2.823292
I739,134.76653,0.99289417,163.7854,1.1846004
I743,530.92529,7.1653228,634.646,8.54879
I771,503.36215,4.2315741,609.15179,5.0485983
I77810,20.351521,4.3556881,38.808929,5.1966763
I779,-55.48983,4.678421,-62.638126,5.5817218
I82402,125.35072,8.6383791,157.47832,10.306261
I82409,17.166851,2.3601151,22.036095,2.8158019
I8311,418.42288,4.9929333,528.25452,5.9569597
I8312,311.66144,7.7958245,394.36932,9.3010283
I83811,700.5022,6.6160026,883.65448,7.8934078
I83812,710.41711,6.6228852,895.32159,7.9016199
I83813,309.2717,4.1615286,389.95636,4.9650288
I83891,744.88428,6.3015351,940.44806,7.5182242
I83892,730.5094,6.2623124,921.66296,7.4714284
I83893,330.62067,3.9564502,416.24881,4.7203546
I8500,76.330238,6.2324076,100.47675,7.4357495
I871,1531.9813,5.7127557,1860.88,6.815764
I872,188.15807,1.5871475,238.69136,1.893591
I87311,440.68524,12.181971,553.78461,14.534042
I87312,410.95261,7.0278735,522.75989,8.3848028
I878,92.01149,4.5866051,127.17149,5.4721785
I890,116.03991,2.247375,147.42778,2.681294
I951,47.067394,2.8233187,65.715965,3.3684402
I953,246.23752,13.468053,305.79623,16.068439
I9589,169.18747,6.3896708,227.24847,7.6233768
I959,183.43524,2.2224867,247.32172,2.6516004
I96,495.19916,5.6324019,624.05176,6.7198958
I998,396.02875,5.7793932,477.806,6.895268
J0100,8.9374657,2.2308416,16.553154,2.6615686
J0190,9.9291954,1.5827694,15.989251,1.8883675
J029,24.866873,1.7095487,29.395931,2.0396252
J069,26.086378,1.145968,32.946434,1.3672295
J101,6.5433044,4.3856835,37.370552,5.2324634
J111,9.5218229,4.5097766,37.881001,5.3805161
J159,92.284286,8.607811,131.24278,10.269792
J181,55.635483,3.1049786,87.005035,3.7044821
J189,86.349579,1.262297,122.03475,1.5060191
J209,9.7429428,1.2486619,19.9879,1.4897512
J301,77.462982,1.3123978,91.663284,1.5657933
J302,-18.474367,2.4302914,-21.128824,2.8995278
J3089,54.767712,1.9695023,64.156693,2.3497703
J309,-23.508305,1.4981788,-28.877378,1.7874445
J310,67.207085,2.6423337,82.1325,3.1525106
J320,353.04651,3.1853023,448.51831,3.8003147
J321,954.04498,6.7082887,1197.5541,8.0035133
J322,609.90424,5.6689816,767.66095,6.7635379
J323,1121.7662,11.518279,1413.276,13.742208
J324,539.77875,4.6134281,675.71649,5.5041804
J328,444.75482,5.1150284,557.51599,6.1026287
J329,128.10963,1.9309541,166.26891,2.3037791
J342,327.2977,3.4856098,413.1983,4.1586046
J343,855.7887,4.8950152,1076.266,5.8401356
J3489,178.9361,3.1949618,229.96841,3.8118391
J40,0.033641018,1.645425,9.3209095,1.9631206
J42,23.237461,3.202729,32.454544,3.8211062
J432,-37.14996,3.0312114,-46.558079,3.6164722
J439,19.189144,1.7140106,29.199955,2.0449488
J440,20.325932,3.1205912,51.063568,3.7231092
J441,80.306198,1.2173415,114.04478,1.4523836
J449,71.122368,0.4912625,91.381256,0.58611459
J4520,35.383808,2.272289,43.269516,2.7110183
J4530,37.384644,3.1040807,45.03228,3.7034109
J4540,258.45132,2.3931577,322.9411,2.8552241
J4550,1156.5618,3.7330832,1463.7098,4.4538603
J45901,97.973953,2.8171711,125.3777,3.3611054
J45909,183.88995,1.0368884,224.06427,1.2370889
J45998,131.5795,2.9388094,161.99794,3.5062294
J479,183.04904,2.5520985,224.32869,3.044853
J690,111.74323,3.9030807,143.04254,4.6566806
J80,413.65451,10.144167,534.97357,12.102784
J811,173.48607,4.3363018,205.73448,5.1735468
J8410,47.020908,2.4384592,60.997078,2.9092724
J849,101.42375,2.9427238,122.58739,3.5108993
J90,80.263878,1.6538287,105.54052,1.9731469
J910,639.32886,7.7608733,750.92566,9.2593288
J9600,347.39456,3.9649494,439.15033,4.7304945
J9601,173.60086,3.2783804,219.08662,3.9113643
J9610,461.56039,2.778358,578.78619,3.3147981
J9611,84.094223,2.982944,106.46017,3.5588856
J9612,464.52066,6.5923524,587.10327,7.8651919
J9620,304.93713,6.5225182,390.57809,7.7818742
J9621,156.26874,5.0586891,197.2878,6.0354118
J9622,468.64621,9.7009773,592.2597,11.574025
J9690,370.89502,4.3284588,472.97629,5.1641893
J9811,195.09775,1.8897221,234.17949,2.2545862
J984,78.339485,1.9548352,96.893402,2.3322711
K209,187.6432,3.6761353,246.2533,4.3859167
K210,69.01738,1.9378597,92.242676,2.3120182
K219,131.42615,0.64684552,163.78041,0.77173728
K2210,144.38986,7.384717,193.49277,8.810544
K222,283.38779,2.9540231,367.24838,3.5243807
K2270,173.74469,2.4783509,222.36107,2.9568663
K228,180.17307,4.4616098,225.87886,5.3230495
K259,114.95482,4.2849216,152.05449,5.1122465
K279,51.073746,5.2699618,75.920807,6.2874761
K2900,168.87096,4.0008597,218.52158,4.7733388
K2950,177.43929,2.5918303,233.51688,3.0922563
K2960,215.90118,4.3125424,274.66443,5.1452003
K2970,200.89861,2.1562755,255.01703,2.5726054
K2980,204.95644,5.0032773,277.53122,5.9693012
K30,97.986671,4.0904775,117.0655,4.880259
K317,326.64294,3.8764763,419.99039,4.624939
K3184,165.83513,3.9948728,202.76358,4.7661958
K3189,262.27219,3.2925122,325.47031,3.9282243
K319,234.77165,4.389257,300.21472,5.2367268
K4020,740.01459,6.0776906,956.51245,7.2511601
K4030,771.97052,18.352552,1004.1447,21.896029
K4090,541.31134,2.7850912,721.19574,3.3228316
K4091,758.54645,8.662817,987.66803,10.335418
K429,328.85275,3.7629073,443.32547,4.4894428
K430,1550.1844,10.749888,1971.6831,12.825458
K432,541.70313,4.6631742,694.09027,5.5635314
K439,187.95772,3.6836791,257.59494,4.394917
K449,80.108543,1.6756927,119.07471,1.9992324
K5000,1009.256,6.6441398,1268.9292,7.9269781
K5010,968.61572,6.8112597,1215.2034,8.1263657
K5080,1407.1738,7.7011609,1755.0214,9.1880875
K5090,835.65161,3.5540142,1056.0067,4.2402167
K5100,861.45074,8.0454454,1086.3402,9.5988455
K5190,684.55884,4.1494431,863.19373,4.9506102
K521,134.23499,19.537989,186.46677,23.310347
K5289,171.02386,8.8862419,214.26413,10.601981
K529,115.77054,2.0277355,163.92987,2.4192469
K5660,275.90958,6.5290051,385.77023,7.7896137
K56609,313.16525,5.6870108,428.70486,6.785048
K5669,199.87479,6.8894868,271.01123,8.219697
K5730,35.995789,1.4727652,59.649605,1.7571241
K5732,115.6854,3.4610057,165.94984,4.12925
K5790,35.293659,2.8166916,67.891907,3.3605332
K5792,100.93069,3.5034795,143.18895,4.179925
K589,52.392677,2.5690341,58.952888,3.0650585
K5900,-0.28491628,1.2689909,8.3161697,1.5140053
K5903,-32.304859,6.2938228,-26.412729,7.5090227
K5909,-18.077606,2.9461644,-16.460588,3.5150044
K621,197.89857,3.8786364,280.87451,4.6275163
K625,124.49996,2.3691711,165.42271,2.8266065
K6289,178.89128,4.0333815,231.17395,4.8121395
K635,203.79121,1.9949758,272.17374,2.3801622
K6389,189.94563,3.6466556,250.99997,4.3507452
K640,56.483974,4.9262495,59.769402,5.8774009
K641,121.54795,5.1383939,152.88686,6.1305056
K644,37.792999,3.7121491,56.596321,4.428884
K648,76.912628,2.3035014,88.134026,2.7482572
K649,53.65308,3.4580297,70.989044,4.1257
K660,1827.3217,9.3534012,2311.4646,11.159339
K7030,90.630432,4.989193,107.67273,5.952497
K7031,286.35529,12.623445,368.50464,15.060756
K7290,101.89005,5.5371742,138.03577,6.6062818
K7460,104.95975,2.3915553,127.83549,2.8533125
K7469,75.826523,4.3939528,90.291061,5.2423296
K7581,46.434887,4.7559285,57.337605,5.6741943
K759,197.657,5.8814173,234.01955,7.0169902
K760,-4.7913222,2.0628881,-2.5568354,2.4611866
K766,55.475178,5.7987423,71.435196,6.9183526
K7689,90.988152,2.7307048,120.25905,3.2579443
K769,84.797775,2.8415546,108.99197,3.390197
K8010,1791.5068,5.6498332,2336.3621,6.7406926
K8020,110.0161,2.1313114,156.455,2.5428212
K8050,784.01715,5.9549599,995.96283,7.104733
K811,1208.9146,7.818541,1575.8326,9.3281307
K828,257.45615,5.2124043,352.63672,6.2188058
K831,1200.2843,6.8198323,1507.6466,8.1365929
K838,370.65289,4.9873047,470.46759,5.9502444
K859,189.71045,9.1412687,259.78198,10.906248
K8590,224.86427,5.0768447,310.2775,6.0570726
K861,174.53206,4.855248,221.1627,5.7926903
K862,192.83871,4.3830905,239.77911,5.2293696
K868,141.57234,11.071717,199.01912,13.209424
K8689,154.5285,5.4213057,201.5291,6.4680414
K869,141.50201,5.7741833,187.11946,6.8890519
K909,341.77228,5.2609339,422.54773,6.2767057
K912,1185.6466,6.4720473,1480.2616,7.7216582
K920,284.09055,7.0863032,371.34427,8.4545135
K921,96.36869,2.5418971,135.93375,3.0326819
K922,221.4153,2.2571955,295.47925,2.6930106
K9423,475.72614,5.7208681,593.53613,6.8254433
L03031,88.3862,3.6677179,112.66622,4.3758745
L03032,92.739944,6.846076,117.93737,8.1679039
L03115,134.88879,2.3597333,182.00349,2.8153462
L03116,132.18727,2.3371794,179.54375,2.7884376
L03119,118.33193,5.0840816,149.19748,6.0657067
L0390,145.98099,2.880142,184.97366,3.4362345
L089,148.1545,2.7986193,191.63412,3.3389716
L259,72.898117,6.0880857,91.598488,7.2635622
L299,77.740433,2.533304,90.064758,3.0224297
L309,61.206345,1.7578211,76.36985,2.097218
L400,258.74121,2.7730696,311.14661,3.3084888
L4050,770.52808,3.5894408,973.68048,4.2824836
L4059,1129.6173,5.3439741,1413.9253,6.3757787
L409,117.16286,3.2930224,143.4528,3.928833
L501,761.98108,7.245194,956.75714,8.644083
L539,26.431934,11.324059,33.458214,13.510488
L570,58.707611,0.68381482,74.767838,0.81584454
L578,49.137764,2.0109603,59.839111,2.3992329
L598,2035.1732,11.234794,2586.2739,13.403987
L600,69.562912,1.4410008,85.907402,1.7192266
L603,40.922756,1.916219,49.35062,2.2861991
L720,135.07742,2.4967623,173.33841,2.9788325
L723,109.56786,3.0993638,145.56262,3.6977835
L814,35.784378,1.8688121,43.501675,2.2296388
L820,75.533295,1.1280972,95.714622,1.3459082
L821,25.517618,1.0864372,31.757526,1.2962046
L84,22.421146,1.5435207,28.789217,1.8415408
L851,67.732536,5.4942102,82.241089,6.5550227
L853,37.634129,2.4749489,44.644791,2.9528077
L89153,359.44174,4.3989029,449.09039,5.2482352
L89154,605.9798,4.0261536,766.68292,4.8035159
L89893,326.19534,11.32233,420.2081,13.508426
L905,175.50423,2.451328,219.77594,2.9246261
L97412,442.24777,6.9249682,551.20325,8.2620287
L97422,397.96036,6.832159,499.6012,8.1512995
L97509,225.81874,8.7006187,282.58047,10.380518
L97511,103.8448,3.7923357,132.68141,4.5245528
L97512,324.49878,3.7338538,408.74817,4.4547796
L97519,275.43817,4.4733806,339.21637,5.3370924
L97521,106.7927,3.9745345,137.79385,4.7419305
L97522,272.1904,3.8906748,347.54691,4.6418796
L97529,267.9379,4.5520501,332.65411,5.4309516
L97811,169.1192,8.6857529,206.57938,10.362782
L97812,346.66718,5.6726575,438.58893,6.7679238
L97821,149.30867,8.4730625,183.8477,10.109026
L97822,298.02725,5.5681653,378.01813,6.6432562
L97829,253.26401,12.310513,319.65274,14.687405
L97919,251.87053,8.3250837,325.91174,9.932476
L97929,252.51768,6.9127407,325.71783,8.2474403
L98499,208.99982,6.2836876,264.71136,7.4969301
L988,126.91179,3.7192192,162.71097,4.4373193
L989,1.8271191,2.1489,15.111051,2.5638056
M0570,566.87421,14.932306,713.91656,17.815409
M0579,1064.4445,1.7907683,1334.5229,2.1365266
M0589,928.83826,5.0802007,1165.1544,6.0610766
M059,501.61246,3.9678237,635.70374,4.7339239
M0600,516.74677,5.9077129,649.44861,7.0483632
M0609,1102.1805,2.614162,1372.7207,3.1188996
M064,78.839851,3.4781961,81.745224,4.1497598
M0689,935.18353,5.3306546,1178.5789,6.3598876
M069,377.32782,1.4476908,479.67828,1.7272084
M1000,-30.082928,7.6055145,-38.82066,9.0739737
M109,15.774873,1.4334828,19.118252,1.7102569
M1288,72.714211,4.3842573,104.77778,5.230762
M129,7.2165966,3.2043033,6.3349533,3.8229842
M150,-35.432232,1.738832,-44.32716,2.0745625
M159,-69.621223,2.1748931,-82.837761,2.5948176
M160,-44.540684,2.6657887,-50.422192,3.1804941
M1611,-32.192814,1.9433078,-34.45393,2.3185182
M1612,-38.013454,2.1777859,-41.521626,2.5982687
M170,180.0343,1.2204404,227.12488,1.4560808
M1710,52.379562,4.0314651,62.260559,4.8098526
M1711,247.81743,1.0510257,307.32074,1.2539558
M1712,231.24989,1.1219708,285.6554,1.338599
M179,37.707981,2.3098419,50.186935,2.7558219
M1811,184.16843,4.2460933,235.39676,5.0659213
M1812,196.43515,4.3022704,252.21172,5.1329446
M19011,90.230392,1.8834698,121.64553,2.2471266
M19012,65.303841,2.1347947,90.192451,2.5469768
M19031,329.92465,5.9671497,418.25116,7.1192765
M19041,73.841103,2.9838719,92.34594,3.5599926
M19042,65.350105,3.4338231,84.433113,4.0968194
M19071,220.17461,2.5780003,275.85544,3.0757561
M19072,175.26549,2.8194439,219.77681,3.363817
M1990,39.955517,0.91995329,51.595387,1.0975761
M1991,50.878727,4.625885,61.197105,5.5190425
M1A9XX1,1585.6671,18.727921,1962.8861,22.343874
M2011,218.88252,3.2591636,277.40253,3.888437
M2012,271.70819,3.9594457,344.86368,4.723928
M2041,158.94328,2.4510231,203.05803,2.9242623
M2042,216.81071,3.1313491,278.53796,3.7359443
M21371,280.59637,5.4192824,353.87738,6.4656272
M21372,254.98447,5.6358428,325.09161,6.7240009
M25461,33.436035,3.2129788,55.582672,3.8333352
M25462,42.773357,3.4043279,67.061615,4.0616293
M2550,-3.4538989,1.7690121,-15.993571,2.1105697
M25511,78.959679,1.12925,103.84588,1.3472836
M25512,75.627762,1.2469872,101.38097,1.4877533
M25519,57.830196,3.074708,74.108276,3.6683671
M25521,157.2686,3.5926871,201.0798,4.2863569
M25522,178.60362,5.256587,224.95241,6.2715192
M25531,115.86072,2.6888726,150.31007,3.2080352
M25532,130.94846,2.7825546,170.24681,3.3198054
M25551,58.259438,1.229484,81.388084,1.4668704
M25552,59.768219,1.3518937,85.168015,1.6129149
M25559,131.57097,2.7777631,169.82466,3.3140886
M25561,53.304913,1.0183555,70.631012,1.2149776
M25562,46.936123,1.1015557,63.731094,1.3142421
M25569,34.913025,2.6221688,44.318142,3.1284523
M25571,163.9763,2.0758963,209.9619,2.4767067
M25572,141.69888,2.1693277,181.64101,2.5881774
M2560,-125.47935,4.8009529,-155.51883,5.7279124
M25611,-13.544538,4.6730051,-9.9655514,5.5752602
M25661,-99.791573,7.2715049,-108.96858,8.6754742
M25761,1583.1724,22.658407,1844.8032,27.033251
M2578,10.404552,5.2135396,11.886494,6.2201605
M272,1168.3601,10.338771,1476.3639,12.334962
M3210,312.33575,11.273419,376.47318,13.45007
M329,233.34967,3.0150478,281.97137,3.5971878
M3500,112.84138,4.1438279,132.75351,4.9439106
M353,27.340534,2.4763992,31.750811,2.9545379
M419,46.798283,3.120831,54.653961,3.7233953
M4316,8.3507872,2.386652,15.268973,2.8474624
M459,691.52625,7.0717635,882.82233,8.4371672
M461,143.98477,2.1956086,182.48727,2.6195328
M4712,400.80582,5.5841231,480.89453,6.6622953
M4722,231.67374,3.7227156,282.5932,4.4414907
M4726,105.88911,2.6006939,134.82182,3.1028311
M4727,118.95403,5.1344404,148.75969,6.1257887
M47812,152.73036,1.6537737,195.37151,1.9730812
M47814,137.14688,3.4570107,170.4328,4.1244841
M47816,190.13945,1.2228028,244.12511,1.4588993
M47817,224.68959,1.8082626,285.6756,2.1573985
M47892,111.14592,3.7626364,152.21089,4.4891195
M47896,130.37611,2.5619719,172.6163,3.0566328
M47897,160.31558,9.7848349,212.61952,11.674073
M479,3.1369166,4.7790251,16.311819,5.7017503
M4800,62.333611,3.2875192,78.516541,3.9222674
M4802,229.04399,2.0963957,285.85815,2.501164
M4806,154.29739,1.6086761,202.50005,1.9192762
M48061,137.25565,1.7509232,178.30376,2.0889883
M48062,341.19431,2.3999639,425.8927,2.8633447
M4807,133.06381,3.1850693,174.77808,3.8000367
M4854XA,563.74042,5.2923994,716.76874,6.3142462
M4856XA,593.50977,5.0871811,755.27838,6.0694046
M5030,-0.38140684,2.3927398,5.5879717,2.8547256
M5032,63.381042,6.7108812,97.153404,8.0066061
M5116,247.88675,2.0878897,309.66614,2.4910157
M5117,181.50861,3.9035082,234.35916,4.6571903
M5126,186.96274,1.8502165,244.71976,2.207453
M5127,137.06224,3.8427536,186.194,4.5847054
M5134,59.748211,4.5076027,79.172302,5.3779225
M5136,62.894535,1.1331089,85.098381,1.3518875
M5137,70.228424,2.2707286,93.658638,2.7091568
M533,67.705772,2.385875,91.27372,2.8465352
M5410,87.657883,8.6875534,120.4456,10.36493
M5412,174.8609,1.7289072,217.47575,2.0627215
M5416,255.08516,1.0178252,313.96146,1.2143451
M5417,229.0567,2.1028807,282.56058,2.5089009
M542,99.383347,0.93523407,128.3194,1.1158074
M5430,83.979591,3.6952035,106.08458,4.4086666
M5431,83.459831,3.1722555,111.70484,3.784749
M5432,59.968834,3.4303226,84.750084,4.0926433
M5440,43.103596,3.3116167,57.098782,3.9510176
M5441,31.412102,2.4701259,45.584309,2.9470534
M5442,25.493206,2.5164399,38.898705,3.0023096
M545,125.93298,0.59626722,159.01303,0.71139342
M546,117.9953,1.8503082,154.07722,2.2075624
M5481,157.41809,9.0392418,193.66924,10.784522
M5489,121.39529,5.4941239,160.13901,6.5549192
M549,101.77,1.2271574,134.88527,1.4640946
M6250,276.01047,3.5980842,343.48087,4.2927957
M6259,359.24213,5.9987688,447.31976,7.1570001
M6281,258.65869,0.89248019,323.77408,1.0647986
M62830,40.589367,3.4080966,63.854507,4.0661259
M62838,42.53022,2.5616086,59.72834,3.0561993
M65331,224.51079,4.750103,289.75925,5.6672444
M65332,256.81915,11.427961,330.22369,13.634451
M65341,258.16641,10.88689,328.83444,12.988912
M659,369.78427,6.8252559,470.86465,8.1430645
M7061,65.768356,2.5044577,84.953918,2.9880137
M7062,64.357506,2.7189305,83.428513,3.2438965
M720,522.61456,4.7975278,667.81183,5.7238259
M722,115.3328,1.9956478,144.71886,2.3809638
M7501,214.13893,10.489913,272.8064,12.515286
M7502,207.45613,10.748344,261.93796,12.823616
M75101,307.86536,3.3693044,409.94473,4.0198436
M75102,313.54208,4.068006,419.39526,4.8534493
M75111,338.05453,4.6103535,437.63953,5.5005121
M75112,363.58783,5.3323336,472.9761,6.3618913
M75121,386.48627,3.2608378,500.29086,3.8904343
M75122,433.46796,4.0692854,561.6601,4.8549757
M7521,377.90338,5.6408305,494.88254,6.7299519
M7522,406.92667,6.6554108,530.32263,7.9404254
M7541,277.31326,2.8562651,358.40955,3.4077475
M7542,265.5155,3.2382939,345.27911,3.8635378
M7551,140.96346,3.9571226,179.31462,4.7211566
M7552,143.88452,4.5198445,186.43977,5.3925281
M791,12.030269,1.8228678,14.413831,2.1748238
M7910,-39.299282,4.7690091,-47.999367,5.6898007
M7918,29.347408,4.3101172,37.152927,5.1423068
M792,108.53223,3.2873201,128.96745,3.92203
M79601,116.22006,3.4017763,152.70137,4.0585852
M79602,104.44453,3.318733,140.37105,3.9595079
M79604,92.825493,1.7587597,119.64031,2.0983379
M79605,66.507683,1.8940233,89.7491,2.2597179
M79606,188.48099,3.5150585,230.5343,4.1937399
M79609,182.31248,3.425087,219.94075,4.0863962
M79641,47.58876,2.5086696,59.006474,2.9930391
M79642,44.302269,2.8015132,55.977955,3.3424244
M79661,104.8222,3.0144997,140.30389,3.5965335
M79662,91.372559,3.1056383,124.8913,3.7052691
M79671,56.47583,1.5568453,73.764381,1.8574381
M79672,45.230259,1.7045801,61.666367,2.0336974
M79674,0.087813437,2.549046,5.0218239,3.0412111
M797,12.708839,1.6381414,14.280512,1.9544307
M7989,93.948845,1.4791729,124.73974,1.764769
M8008XA,1988.7229,8.4593058,2469.709,10.092613
M8088XA,1899.5087,16.302734,2358.6897,19.450436
M810,136.43275,0.79955697,168.60182,0.95393395
M818,89.583023,3.19484,106.29705,3.8116939
M8580,-34.809689,1.4909725,-45.873844,1.7788467
M8588,4.2415338,2.443558,-6.8329949,2.9153557
M8589,11.288368,2.575439,0.3353231,3.0727
M868X7,1067.2068,17.201775,1388.5533,20.523062
M869,565.48499,4.0317435,731.94897,4.8101854
M899,90.270332,2.4137983,103.66827,2.8798501
M961,549.24292,1.924919,637.29755,2.2965789
M9901,53.285782,0.97923911,65.322197,1.1683089
M9902,38.324413,1.782429,49.082825,2.1265771
M9903,46.228035,0.8669039,56.425888,1.0342841
M9904,29.749664,2.5711555,38.532551,3.0675895
N12,197.18411,11.577397,266.72354,13.812739
N131,626.32703,7.877357,791.40753,9.3983021
N132,516.47076,4.3583131,679.32709,5.1998081
N1330,227.73766,2.9927058,294.9079,3.5705321
N135,592.79694,6.2957125,754.30554,7.5112772
N138,312.39725,3.7733738,411.22626,4.5019302
N179,100.91384,1.5532162,131.77628,1.8531084
N181,21.306755,6.5181079,22.174936,7.7766123
N182,-1.572297,2.0832875,-6.6993279,2.4855249
N183,-20.912016,0.79509354,-28.798967,0.94860876
N184,-28.734554,1.4161587,-38.32185,1.6895881
N185,-13.855855,2.8820953,-17.599707,3.438565
N186,1770.2959,1.8488766,2232.8394,2.2058544
N189,59.490452,1.1906178,73.188522,1.4205
N19,222.26671,3.3137228,290.75702,3.9535306
N200,184.28465,1.4529148,235.57965,1.733441
N201,689.23706,3.4182887,886.76385,4.0782857
N202,650.92059,5.6039014,829.77466,6.6858926
N210,564.79059,5.619216,722.29291,6.7041636
N250,-10.841799,4.4028797,-14.849552,5.2529793
N2581,367.44095,1.6053272,459.35101,1.9152808
N2589,145.59685,7.0279107,185.46103,8.3848467
N259,-15.993569,10.126161,-17.810997,12.081302
N281,0.91836399,1.6848708,8.3951416,2.0101826
N2889,127.32693,2.6948624,169.99445,3.2151814
N289,18.271959,1.7984759,34.653294,2.1457224
N3000,56.426659,1.9879829,74.906082,2.371819
N3001,40.764267,2.7622225,58.680542,3.2955475
N3010,191.03607,10.244892,234.7897,12.222958
N3020,151.6454,4.1792755,189.28493,4.9862022
N3090,78.79969,3.6925817,105.29565,4.4055386
N319,192.04938,2.6602857,242.29544,3.1739287
N320,245.88297,4.8231325,320.08737,5.754374
N3281,170.7356,2.3783815,203.03578,2.837595
N3289,280.53497,3.7601182,372.84854,4.486115
N359,246.99829,5.2900186,320.46695,6.3114057
N390,60.085938,0.65010589,69.392998,0.77562714
N393,417.944,2.9346573,512.05133,3.5012758
N3941,305.13358,2.0993421,363.77051,2.5046792
N3946,177.96262,2.9523211,217.53117,3.5223498
N400,116.96972,1.0620146,141.89658,1.2670664
N401,96.990883,1.0384049,119.45724,1.2388983
N433,226.45641,7.7006626,299.44418,9.1874924
N529,155.19366,2.589606,167.71367,3.0896025
N62,374.00122,5.6794467,466.99197,6.7760239
N63,260.03671,2.9572294,338.01041,3.5282056
N644,45.310608,3.2979658,61.389568,3.934731
N6489,210.01299,3.2396321,263.92203,3.8651345
N72,956.53973,12.031865,1211.9364,14.354957
N760,117.84209,4.4634123,124.16808,5.3251996
N800,3198.6721,14.022013,3965.866,16.729357
N8110,242.64531,4.0918436,320.35037,4.8818893
N8111,144.14406,5.9876986,190.75613,7.1437926
N812,330.63623,5.7133112,418.93506,6.8164272
N813,547.05499,7.605329,699.29016,9.0737524
N814,353.00031,5.1186175,448.34998,6.1069107
N816,477.65207,5.8759575,621.87616,7.0104766
N8320,254.24191,9.4207411,330.81934,11.23968
N838,1249.9915,9.5271025,1564.6785,11.366579
N840,925.07288,7.0206075,1184.1819,8.3761339
N898,74.411873,3.4702184,79.565819,4.1402416
N939,190.21735,4.8637557,245.16391,5.8028407
N950,227.30806,3.4097643,293.5578,4.0681152
N951,35.570343,2.7266572,35.828533,3.2531152
N952,22.590723,2.4802487,27.064713,2.9591305
N993,691.0838,7.1590214,875.61127,8.5412722
Q211,522.11841,6.1207738,588.3338,7.3025618
R000,189.519,1.7884265,249.88112,2.1337326
R001,296.29129,1.4929737,359.82663,1.7812344
R002,160.21063,1.2842892,200.76845,1.5322574
R011,123.16122,2.2247667,169.30644,2.6543207
R030,67.028397,2.1064584,91.7033,2.5131695
R040,132.82388,2.653271,182.62209,3.1655598
R042,111.55898,4.5536661,152.16632,5.4328799
R05,27.228636,0.75916594,36.979832,0.90574431
R0600,146.8618,1.2228383,201.93315,1.4589417
R0602,181.09486,0.72255087,238.11975,0.86205965
R0603,425.80399,6.8350863,570.44189,8.1547928
R0609,98.560333,1.6192865,138.97598,1.9319353
R062,17.769169,2.4478798,29.913376,2.920512
R0683,188.02605,3.652003,252.55081,4.3571253
R0689,216.39174,2.93256,273.57422,3.4987733
R069,201.2178,9.6745176,258.71735,11.542456
R072,289.30142,2.2701097,377.37286,2.7084184
R0781,22.957756,2.4269068,43.092319,2.8954895
R0789,211.5873,1.093415,287.45139,1.3045295
R079,265.49774,0.83785176,350.17526,0.9996227
R0902,104.36994,1.3869261,148.74918,1.6547112
R0981,-30.253641,3.0080156,-33.455936,3.588798
R0989,122.97481,1.5893967,158.13451,1.8962746
R1010,159.62607,3.5953107,209.64948,4.2894869
R1011,129.3649,2.2094562,177.45932,2.636054
R1012,125.13704,3.5499501,172.8774,4.2353683
R1013,113.52627,1.6266804,151.21732,1.9407568
R102,163.95483,2.1693053,207.70422,2.5881507
R1030,132.22763,2.3890624,178.35677,2.8503382
R1031,176.66815,2.4010792,241.48358,2.8646753
R1032,135.53078,2.2510061,185.18797,2.6856263
R1084,184.15788,1.6606528,238.48947,1.9812886
R109,151.16254,0.98732907,203.17499,1.1779608
R110,158.6434,1.5729731,210.981,1.87668
R1110,135.96655,2.7704675,190.99121,3.3053844
R112,417.7948,1.5487266,541.22083,1.8477517
R12,81.534973,3.7860594,102.64578,4.517065
R1310,143.74908,1.3588331,183.53246,1.6211941
R1311,177.24017,3.8409328,218.95792,4.5825334
R1312,246.38104,1.9590039,304.23618,2.3372447
R1313,114.95428,11.470467,151.67441,13.685163
R1314,109.23495,4.1589713,138.66182,4.961978
R1319,120.73772,4.0458431,157.38365,4.8270073
R140,56.920227,2.5150828,75.550392,3.0006905
R159,306.92322,4.2271781,359.272,5.043354
R160,158.23595,4.1251874,204.42799,4.9216709
R161,86.884651,4.4852591,119.25407,5.351265
R17,86.580551,12.820653,121.69398,15.296041
R188,409.12601,3.1588366,530.8866,3.768739
R1900,229.81573,4.3551989,302.64072,5.1960926
R194,138.89516,3.0198536,173.81061,3.6029215
R195,48.489056,2.6802309,69.179878,3.1977251
R197,66.977005,1.2334231,78.580116,1.4715703
R200,55.419094,2.4351404,80.992722,2.905313
R202,68.360901,2.1805072,90.727242,2.6015155
R208,53.556351,9.0474167,74.455948,10.794275
R209,74.427567,6.4356637,102.56033,7.6782498
R21,65.39576,1.6944157,80.699554,2.0215704
R220,231.53947,3.4793029,304.64456,4.1510801
R221,213.80611,3.186959,282.49042,3.8022912
R222,222.0752,4.1946692,293.87476,5.0045681
R251,62.143658,2.7915421,83.094742,3.3305278
R252,35.222874,2.6662486,43.518852,3.1810429
R260,228.56914,3.73841,283.28995,4.4602156
R262,217.91019,1.1851277,272.17673,1.4139501
R2681,145.09944,1.6281407,183.76273,1.9424992
R2689,154.01999,1.3158169,194.16479,1.5698725
R269,108.71101,1.4612391,136.61169,1.7433726
R270,174.03688,3.4008951,222.80367,4.0575337
R278,347.39474,2.174783,429.89246,2.5946863
R279,369.22214,2.0069175,460.86322,2.3944094
R293,-18.855021,2.4886422,-24.462635,2.9691446
R296,89.610252,2.0390482,123.31745,2.4327438
R29810,591.52448,5.3750129,777.59247,6.4128103
R29898,-21.600307,2.4105079,-15.200362,2.8759243
R300,13.473464,1.1325972,13.059799,1.351277
R310,208.05481,2.204947,270.42578,2.6306741
R312,103.20289,4.8108463,134.4595,5.7397156
R3129,75.3881,2.6535876,96.17337,3.1659377
R319,74.676949,1.5494802,101.73356,1.8486511
R32,100.60942,1.9486955,125.02177,2.3249462
R338,375.21542,2.9035103,474.89975,3.4641147
R339,256.70657,1.3809651,324.59879,1.6475993
R350,59.928978,1.2390199,68.469284,1.4782475
R351,15.573421,1.8424609,17.572781,2.1982
R3912,121.21107,4.3761826,154.24063,5.2211275
R3914,171.90747,3.0221994,211.92322,3.6057203
R3915,136.70152,2.3772709,164.42592,2.8362701
R399,7.7830596,5.0684471,5.8355279,6.0470533
R400,179.71959,6.2268305,244.11336,7.4290953
R404,309.83072,2.7508008,395.99451,3.2819204
R410,138.23277,2.1162622,201.03949,2.5248663
R413,46.494793,1.7167118,62.802872,2.0481713
R4182,316.62131,1.3341255,412.07098,1.5917161
R41841,402.46878,2.9523475,501.25699,3.5223813
R4189,92.563316,3.243454,123.09573,3.8696942
R42,111.60455,0.95211285,153.04205,1.1359451
R451,203.78822,4.236217,258.3038,5.0541382
R45851,546.05499,4.0878239,693.46161,4.8770933
R4701,308.57822,3.924228,398.28375,4.681911
R471,180.37726,4.9454784,230.68329,5.9003425
R4781,372.31836,4.8025599,496.04419,5.7298293
R488,343.38672,4.2538729,426.79175,5.0752029
R489,234.43237,7.1019812,291.9425,8.4732189
R490,142.01421,2.807584,180.15344,3.3496673
R509,158.16328,1.5999421,202.9644,1.908856
R51,126.74732,1.1282847,173.90312,1.3461319
R52,189.94154,1.7745004,240.0397,2.1171176
R530,34.272308,8.3276739,15.300302,9.9355659
R531,159.87804,0.95858824,220.57219,1.1436707
R5381,58.302162,1.5218379,70.857536,1.8156717
R5382,28.26623,2.3931608,25.637394,2.8552279
R5383,35.675179,0.81580603,37.134678,0.97332036
R54,34.529583,3.7005527,46.707043,4.4150486
R55,359.03799,1.1890389,458.10913,1.4186163
R569,201.01767,1.7846711,253.99559,2.1292522
R58,321.79205,3.9398117,405.44186,4.7005033
R590,265.66574,2.6115978,339.31335,3.1158402
R591,336.82892,4.6437798,425.32416,5.5403919
R599,310.61935,4.5270014,394.55527,5.4010663
R600,25.747669,1.0970837,38.444374,1.3089066
R601,49.428883,3.830575,66.260414,4.5701756
R609,-9.7904758,1.3554357,-5.8290138,1.6171408
R61,-2.3679147,4.1257558,5.6086102,4.922349
R627,69.87291,3.5535686,89.300659,4.2396851
R630,-106.35216,3.2378914,-125.48636,3.8630576
R633,186.4234,6.5412493,230.34032,7.8042216
R634,-15.245829,1.6148605,-17.663399,1.9266548
R635,-54.295906,4.8454537,-68.787674,5.7810054
R64,31.475597,14.617474,37.767448,17.439789
R6521,427.44055,8.5614214,576.58545,10.214445
R6883,-19.29546,5.5025816,-19.911346,6.5650101
R6884,134.21808,5.3755646,184.38861,6.4134688
R6889,107.2206,2.1154678,129.76729,2.5239184
R7301,-27.822033,1.2483325,-41.094624,1.4893582
R7302,-45.989986,2.7288079,-62.618221,3.255681
R7303,-14.433568,1.7199284,-22.971033,2.0520091
R7309,7.2114201,1.2601408,0.20275989,1.5034463
R739,-5.7969027,1.3306183,-9.1800356,1.5875316
R740,96.184738,3.0996325,116.94617,3.6981039
R748,35.82531,2.1130323,52.674168,2.5210128
R768,26.71538,7.5001793,17.560368,8.9483004
R7881,283.21167,4.7481279,368.43365,5.6648879
R791,251.44095,2.8993921,329.11438,3.4592013
R7989,94.229668,1.3748475,121.05542,1.6403006
R799,61.368805,2.2094538,61.984013,2.6360512
R809,-94.229225,2.2610435,-123.49013,2.6976018
R8290,22.475733,2.3728163,30.074942,2.8309555
R8299,15.926113,3.1330597,21.958179,3.7379851
R911,83.742638,1.5667305,115.07998,1.8692319
R918,109.84949,1.0567402,139.85684,1.2607735
R920,358.14044,5.7590914,455.83597,6.8710461
R921,75.998817,2.6597643,97.305687,3.1733067
R922,70.815399,2.8285708,91.211662,3.374706
R928,161.8517,1.9296913,210.74292,2.3022726
R930,216.60646,9.3782787,305.19513,11.18902
R931,257.12003,4.5057168,354.31363,5.3756723
R933,215.60226,4.3111801,273.9935,5.1435747
R935,175.83504,4.3687778,243.55327,5.2122936
R938,100.98328,3.073101,140.90173,3.6664498
R9389,144.67787,5.1131477,189.75543,6.1003847
R9430,608.15417,11.238695,796.52527,13.408642
R9431,350.55392,1.1326284,425.84634,1.3513143
R9439,954.84302,3.0631726,1270.1069,3.6546044
R944,-13.561057,3.9005527,-19.035908,4.6536641
R945,46.781155,2.4463336,50.304905,2.9186673
R946,87.292816,2.8966744,97.588882,3.4559591
R972,80.333298,2.8888767,97.253403,3.4466558
R9720,82.345474,1.3788211,94.512833,1.6450413
R9721,202.15398,7.6506672,222.03357,9.1278439
R978,274.30774,9.6217299,312.41397,11.479476
S0003XA,159.66946,3.6644003,225.30421,4.3719163
S0081XA,172.40297,5.427444,242.23007,6.4753652
S0083XA,137.95099,3.5394871,202.71838,4.2228847
S0093XA,127.92049,9.931922,189.05417,11.84956
S0101XA,243.27298,3.8529563,335.80441,4.5968781
S0181XA,279.40686,3.7275691,376.17633,4.4472814
S022XXA,369.7099,6.2980733,492.33112,7.5140939
S065X0A,757.19031,9.5968113,976.11536,11.449746
S098XXA,157.97006,4.028163,201.43694,4.8059134
S0990XA,256.81229,1.7761838,340.80493,2.1191261
S161XXA,23.507826,4.0177722,49.34058,4.7935162
S199XXA,269.56506,4.0626941,342.80933,4.8471117
S39012A,14.354308,3.6948137,39.039276,4.4082017
S43431A,977.43396,11.592213,1275.3372,13.830417
S46011A,474.93378,6.619607,621.16632,7.8977089
S52501A,938.50787,12.73397,1215.9564,15.192622
S52502A,668.21259,8.6355,864.9837,10.302826
S52571A,1570.1183,11.391245,2032.2161,13.590646
S52572A,1446.4912,9.21731,1868.1879,10.996971
S8001XA,43.762867,5.4882116,75.000839,6.5478659
S8002XA,24.701393,6.8103018,48.710369,8.1252222
S81801A,260.2215,6.765429,329.53979,8.0716858
S81802A,228.18472,6.5682564,288.82797,7.8364429
S83241A,613.42218,5.2313461,810.33087,6.2414045
S83242A,615.72699,5.3284416,811.96179,6.3572474
T07,476.19818,9.3226719,598.40302,11.122677
T148,179.74394,3.2804108,232.03436,3.9137864
T148XXA,198.11386,3.7938104,256.29337,4.5263124
T1490,320.77887,4.6039948,398.44284,5.4929261
T451X5A,-81.487732,4.3205843,-120.98596,5.1547947
T451X5D,43.436714,8.543684,57.805424,10.193282
T451X5S,318.16684,18.867126,402.07883,22.509958
T50905A,185.54706,6.6349292,231.1024,7.9159894
T7840XA,188.86121,3.9839745,236.41254,4.7531929
T8131XA,518.27924,5.3865724,666.05664,6.4266019
T814XXA,440.19928,6.9909072,565.37445,8.3406992
T8189XA,602.81152,4.1155701,763.95715,4.9101968
T82110A,5933.8184,16.304754,6535.4644,19.452848
T82111A,8947.3291,19.056599,9740.7734,22.736013
T8249XA,995.81244,8.6615314,1245.5988,10.333884
T82590A,1322.7876,7.5160227,1650.5536,8.9672031
T827XXA,523.92432,10.225078,642.47534,12.199316
T82855A,2981.8896,12.002271,3520.4402,14.319647
T82856A,2484.1946,15.730835,2893.0791,18.768116
T82857A,2737.0269,30.847778,3226.8696,36.803814
T82858A,2258.4646,3.8023806,2778.9871,4.5365372
T82868A,3277.4229,5.6824441,3929.845,6.7796001
T82898A,1083.2765,3.8126631,1356.5773,4.5488052
T8484XA,480.0098,5.5706005,609.82166,6.6461616
Z0000,41.42683,0.57333612,20.079309,0.68403482
Z0001,71.747047,1.3735397,54.704033,1.6387402
Z006,23.566576,3.5583231,-175.41502,4.245358
Z01419,54.109631,1.6188285,48.155716,1.931389
Z01810,630.14417,1.4946015,764.47614,1.7831764
Z01812,368.03809,1.9469882,454.02518,2.3229091
Z01818,720.69403,0.9954834,884.64886,1.1876895
Z0189,186.75073,5.7811809,222.10945,6.8974009
Z0389,285.7995,3.8620343,349.87085,4.6077089
Z08,-171.52545,1.8773755,-207.90598,2.2398558
Z09,107.76276,1.5904303,141.46779,1.8975075
Z111,14.694376,4.8461318,13.919144,5.7818146
Z1159,-26.401411,2.1750827,-39.713173,2.5950437
Z1211,152.55705,0.99722534,155.47737,1.1897677
Z1212,3.7510459,5.5648289,-1.468747,6.639276
Z1231,93.585312,0.65311116,77.54705,0.77921265
Z1239,-56.078056,4.5526252,-59.481899,5.4316373
Z124,55.088173,2.0453601,52.876514,2.4402745
Z125,-53.900295,1.0441668,-73.293594,1.2457726
Z131,-46.575607,2.8521383,-56.084587,3.4028237
Z13220,-89.893562,2.7988641,-107.59116,3.3392637
Z1331,-21.538868,3.6005931,-34.538628,4.2957888
Z136,27.398476,2.137321,26.041937,2.5499911
Z13820,13.033791,2.1298246,3.3445952,2.5410471
Z1389,4.3309069,1.4188236,-2.4550207,1.6927674
Z139,-54.995911,4.5018158,-69.657219,5.3710184
Z1501,167.56677,13.159963,165.13997,15.700864
Z1509,1595.8436,13.76698,1598.0464,16.425083
Z170,-133.0083,2.7668347,-149.5616,3.3010502
Z171,63.637993,5.9420376,100.51603,7.0893154
Z21,169.04588,4.4990768,190.94464,5.3677506
Z23,51.105198,0.36221072,38.138023,0.43214571
Z2821,206.161,16.01446,245.33653,19.106501
Z298,349.26035,8.7649107,382.8363,10.457224
Z418,969.72681,5.7024121,1169.8135,6.8034234
Z431,256.48782,5.360652,348.78098,6.3956771
Z45010,1264.7771,3.1896274,1432.2184,3.8054748
Z45018,147.09804,2.4658368,159.37979,2.941936
Z4502,1681.1222,2.8439515,1767.7379,3.3930566
Z4509,118.50771,5.6140571,139.48012,6.698009
Z452,861.13702,2.1899364,1084.3077,2.6127653
Z4542,7808.6582,12.804034,8437.6553,15.276215
Z4549,3967.1641,15.775868,4372.3394,18.821844
Z462,6841.9233,19.998758,7474.2612,23.860083
Z466,508.55124,4.4617176,645.31116,5.3231778
Z471,170.94164,1.8246244,211.54016,2.1769195
Z4789,364.52515,2.4156637,470.91608,2.8820758
Z4822,8.8645296,4.4175391,-23.818619,5.2704697
Z48812,397.71039,4.1266394,467.44083,4.9234033
Z4889,506.73361,3.5422416,626.3363,4.226171
Z4901,548.31122,15.751443,691.42822,18.792704
Z4931,329.05209,5.048358,411.57162,6.0230856
Z4932,262.23148,8.4748077,329.85089,10.111108
Z510,3793.2026,2.8211949,4815.3896,3.365906
Z5111,3655.8853,1.5493644,4532.3247,1.8485129
Z5112,5126.1074,2.7359824,6198.0493,3.2642407
Z515,-83.587036,4.2594128,-115.4332,5.0818124
Z5181,-98.830101,0.8882736,-115.67194,1.0597798
Z5189,342.87201,1.8879815,450.78525,2.2525096
Z590,443.12292,5.9992099,533.26788,7.157526
Z66,69.873123,3.4982541,162.45369,4.1736903
Z681,-128.65981,4.6399136,-156.5251,5.5357795
Z6825,-88.674744,4.6158013,-105.3807,5.5070119
Z6826,-74.127411,4.1459656,-88.289551,4.9464612
Z6827,-60.194195,3.9939587,-70.882561,4.7651052
Z6828,-41.873077,3.9379199,-50.188595,4.6982465
Z6829,-21.202953,3.8347075,-27.017574,4.5751057
Z6830,91.19178,3.1492555,107.93938,3.757308
Z6831,114.21531,3.3938627,132.89911,4.0491438
Z6832,127.04601,3.4883175,147.05115,4.1618357
Z6833,132.83269,3.6446433,155.3051,4.3483443
Z6834,142.70001,3.7479584,167.09438,4.4716072
Z6835,143.11476,3.7942007,167.86856,4.5267777
Z6836,132.73235,4.0880413,157.91748,4.8773527
Z6837,133.446,4.3457355,158.01236,5.1848021
Z6838,139.03943,4.5601058,166.08665,5.4405627
Z6839,107.14928,4.5056448,126.8371,5.3755865
Z6841,102.86945,2.5170131,122.7766,3.0029933
Z6842,71.219292,3.5502498,85.656281,4.2357254
Z6843,-9.6382694,4.1602116,-5.7722073,4.9634576
Z713,-158.14832,2.5295353,-190.63504,3.0179334
Z716,-158.82378,6.9914775,-199.71243,8.3413792
Z7189,-45.778183,2.1418881,-58.170471,2.5554399
Z720,27.42444,1.8692927,56.830853,2.2302122
Z7289,142.13194,5.2544217,177.74767,6.2689357
Z736,68.666458,13.512203,83.733734,16.121115
Z7401,432.6004,4.4270906,540.95105,5.2818651
Z7409,43.707771,3.233252,59.068924,3.8575225
Z741,327.03433,4.8022218,406.26181,5.7294264
Z743,310.27753,3.6872456,392.35989,4.3991723
Z7682,360.76801,8.9071474,445.00815,10.626924
Z7689,401.47903,4.2784266,509.1142,5.1044974
Z7722,57.850327,10.029858,92.376488,11.966404
Z780,8.160882,1.574075,-1.2615662,1.8779945
Z789,68.70993,3.3506563,91.575706,3.9975951
Z7901,77.66333,0.64529359,90.687035,0.76988572
Z7902,345.25906,1.922024,382.19101,2.2931249
Z791,65.200928,3.0924311,83.656448,3.689512
Z792,147.26848,3.7283525,208.92302,4.448216
Z794,50.64912,1.0798602,73.53875,1.2883576
Z7951,-137.26262,2.6396222,-165.27666,3.1492758
Z7952,-3.1661346,2.5425239,-6.1942406,3.0334296
Z79811,-665.51831,4.2340989,-815.14587,5.0516109
Z79818,-571.61273,6.4414458,-691.71454,7.6851487
Z7982,330.87048,0.89657813,402.94589,1.0696877
Z7983,-119.38756,6.4586034,-143.93633,7.7056189
Z7984,250.04141,1.3333213,312.40723,1.5907565
Z79890,70.384506,3.5759082,74.539474,4.2663379
Z79891,76.291061,1.0374727,57.898991,1.2377861
Z79899,152.95091,0.46932766,182.67667,0.55994457
Z800,83.902344,2.5284557,79.779488,3.0166454
Z801,-127.50353,5.191638,-170.0218,6.1940298
Z803,84.686752,2.2844369,89.069786,2.7255118
Z8041,200.57939,8.3694639,212.84523,9.985425
Z8042,78.685356,5.4820638,80.417816,6.5405307
Z8049,123.56723,19.291443,120.16798,23.016199
Z808,-37.536285,5.1397672,-66.909706,6.1321445
Z809,-63.245766,5.2814517,-88.719231,6.3011851
Z823,118.05296,4.9713807,137.96147,5.9312458
Z8249,577.15997,2.0410361,679.77655,2.4351156
Z8261,58.453678,19.489016,68.298409,23.251919
Z833,-169.20396,3.5571887,-195.92088,4.2440042
Z8501,13.47933,9.5067453,16.733183,11.34229
Z85038,116.73495,2.6089504,139.90942,3.1126816
Z85048,13.208101,5.4633713,13.386953,6.518229
Z85118,-125.06339,3.2437842,-152.55458,3.8700881
Z8521,27.211088,15.490699,33.496971,18.481615
Z853,130.84639,1.466833,156.01566,1.7500465
Z8541,105.67519,6.4776583,132.00124,7.728353
Z8542,68.929192,4.5119715,78.733253,5.3831348
Z8543,123.5801,5.7313585,137.84984,6.8379588
Z8546,208.81392,1.863,242.4716,2.2227046
Z8551,131.29681,2.870373,170.4118,3.4245794
Z85528,38.126278,4.4104662,44.662033,5.2620311
Z856,268.53265,11.571808,325.60672,13.806071
Z8572,46.777054,4.5851588,54.938702,5.4704528
Z85820,112.35956,2.8963447,126.84403,3.4555655
Z85828,58.560471,1.4753362,68.358536,1.7601914
Z85850,99.30011,5.1657591,120.78012,6.1631546
Z8589,72.014999,6.1638236,101.59088,7.3539233
Z859,67.117355,6.4371109,90.856583,7.6799765
Z86010,146.05687,1.5385104,164.17624,1.8355632
Z8614,81.047836,4.396461,105.76019,5.2453213
Z8619,23.606611,3.4871104,25.462339,4.1603951
Z862,-84.78421,4.5415583,-104.05073,5.4184341
Z8639,-75.837379,3.8689857,-95.274986,4.6160026
Z8669,-14.223182,4.6533747,-11.423378,5.5518398
Z86711,83.280457,2.2624137,110.25304,2.6992364
Z86718,83.695068,1.7346716,103.85554,2.0695989
Z8673,90.879692,1.2192993,117.6003,1.4547194
Z8674,705.84778,9.3244162,757.84906,11.124758
Z8679,-16.625383,2.6293075,-5.1792922,3.1369693
Z8701,-76.333061,4.2344747,-83.615356,5.0520592
Z8709,-57.256733,6.1278481,-57.081425,7.3110023
Z8711,97.025032,4.9906116,122.62541,5.9541893
Z8719,-46.725487,2.6826606,-42.007336,3.2006238
Z8739,-128.71988,4.9556131,-154.40144,5.9124336
Z87440,3.8983104,2.6477265,12.520687,3.1589446
Z87442,156.51381,2.6526299,202.80933,3.1647947
Z8781,-41.186279,4.3915401,-38.874199,5.2394505
Z87820,226.28561,5.160871,284.43884,6.1573224
Z87891,368.99976,0.74972337,456.16837,0.89447862
Z87898,-49.634705,1.4998497,-60.926636,1.789438
Z880,177.08054,1.6298643,217.24644,1.9445556
Z881,63.668625,2.226234,79.163223,2.6560712
Z882,125.96249,2.0504041,158.85394,2.4462922
Z883,92.640884,5.9740391,115.7254,7.1274953
Z885,105.58763,1.8806874,126.05764,2.2438071
Z886,70.732025,2.6402006,87.33963,3.1499655
Z887,-43.112728,7.4963531,-44.532932,8.9437351
Z888,72.76532,1.6415819,88.550697,1.9585354
Z89421,25.779408,8.5969572,41.657909,10.256842
Z89422,-8.8782701,10.658144,4.4947891,12.715999
Z89511,1130.7189,4.8789215,1440.2644,5.8209352
Z89512,1060.024,4.9185176,1349.1289,5.868176
Z89611,1192.9454,6.5904903,1516.6812,7.8629704
Z89612,1095.8215,6.5808854,1395.3184,7.851511
Z9010,73.275963,14.925438,102.86482,17.807215
Z9011,-88.336945,4.6666999,-100.28487,5.5677376
Z9012,-51.25629,4.5309634,-56.640408,5.4057937
Z9013,184.56409,5.4154301,231.37604,6.4610314
Z902,-500.10132,5.8929329,-623.46692,7.0307298
Z9049,-70.336189,1.7451837,-73.739761,2.0821407
Z905,-39.139038,4.0835462,-50.980671,4.8719897
Z90710,-16.514296,2.1251616,-14.621232,2.5354841
Z90722,-266.52094,6.5424209,-323.75146,7.8056197
Z9079,127.82858,4.6101866,140.76154,5.5003133
Z9081,-28.64493,16.151924,-29.453257,19.270508
Z9089,-41.445988,4.6448374,-42.881969,5.5416546
Z91013,136.25174,5.5594945,156.74513,6.6329112
Z91018,57.976654,5.3634524,67.248268,6.3990183
Z91030,56.672504,9.0955858,89.684677,10.851745
Z91040,134.27379,4.0609217,157.24698,4.8449969
Z91041,70.892319,3.9034498,78.754814,4.6571207
Z91048,116.22961,4.8958187,136.54704,5.8410945
Z9109,-25.316439,5.4560909,-29.529968,6.5095429
Z9114,131.05737,4.3702259,187.1143,5.2140207
Z9115,-634.48669,16.184608,-773.9118,19.309504
Z9119,18.181486,4.2275624,34.25967,5.0438123
Z9181,34.431572,1.7498127,61.086792,2.0876634
Z9189,91.55851,3.632797,115.99142,4.3342109
Z9221,-34.178066,2.8817041,-39.955448,3.4380982
Z923,-255.46335,2.4686694,-323.35715,2.9453158
Z930,460.59607,4.3165298,566.84863,5.1499572
Z931,120.84321,4.5187111,146.46577,5.3911757
Z932,245.02605,3.7605059,312.91599,4.4865775
Z933,187.24202,2.3007796,240.60008,2.7450099
Z936,221.48233,3.9980323,275.97198,4.7699652
Z940,232.56964,1.7249295,272.40387,2.0579758
Z941,625.22363,4.9258041,758.56067,5.8768692
Z942,486.15048,6.2824883,580.06018,7.4954996
Z944,91.686508,3.4913647,108.03967,4.1654711
Z9481,444.90338,8.6602621,519.67261,10.33237
Z9484,51.3032,6.4379354,31.461214,7.6809602
Z950,81.622169,1.2133857,93.504784,1.4476639
Z951,141.46159,1.4570676,166.21936,1.7383956
Z952,-9.1541576,1.663331,-4.0206523,1.984484
Z953,77.617737,5.8589597,91.714867,6.9901972
Z954,1.2059467,4.8301511,8.0385761,5.7627478
Z955,308.99142,1.553957,369.6886,1.8539921
Z95810,60.087372,1.828396,55.201931,2.1814194
Z95811,85.199516,8.611516,252.86789,10.274212
Z95818,114.8472,3.7011738,134.4088,4.4157896
Z95820,310.59671,7.0633006,342.26724,8.4270697
Z95828,-50.043758,3.9221003,-40.380768,4.6793723
Z960,160.15074,6.5205531,223.03481,7.7795296
Z961,56.923252,1.35619,77.720749,1.6180407
Z9641,398.57495,10.858296,496.20984,12.954796
Z96611,51.328148,4.6530404,70.220726,5.5514412
Z96612,47.184608,5.8544025,66.815392,6.9847598
Z96641,52.798454,2.5718071,71.58197,3.068367
Z96642,47.724747,2.848419,64.593948,3.3983865
Z96643,120.55975,4.7082729,149.77147,5.6173377
Z96649,78.969025,4.8615999,99.910309,5.8002691
Z96651,188.98779,2.0269237,232.19005,2.4182782
Z96652,196.52783,2.1354554,241.94984,2.547765
Z96653,120.07898,3.2405186,146.90331,3.8661919
Z96659,73.383553,4.31142,99.783829,5.1438608
Z9689,563.65619,8.7027988,651.80139,10.383119
Z980,47.706562,6.9542842,62.292,8.2970047
Z981,320.57516,2.108068,386.40704,2.5150898
Z982,259.28741,13.503043,313.72012,16.110186
Z9841,102.07242,5.7140779,135.15909,6.8173418
Z9842,112.33578,6.0030932,144.66254,7.1621594
Z9849,65.326851,7.3052611,84.880974,8.7157478
Z9851,34.508511,6.1605854,45.258747,7.35006
Z9861,182.24564,2.9381371,222.89072,3.5054271
Z9884,90.544235,3.0820231,104.05455,3.6770947
Z9889,196.10577,2.8606787,249.7471,3.4130135
Z98890,209.45792,1.3095392,261.10812,1.5623826
Z9911,413.71799,8.5794382,563.69891,10.23594
Z992,333.56418,1.6670583,416.64893,1.9889309
Z993,12.37463,4.5769277,7.3332734,5.4606323
Z9981,-5.6065898,2.4235644,20.757317,2.8915019
Z9989,35.767712,3.3061399,40.883713,3.9444835
_cons,69.932175,0.24748994,95.321831,0.29527485
